{"version":6,"hash":{"type":"Buffer","data":"9vUThd0hcEd00A+b93sMEvwyH2vP5qvY1U63EIPOIrOnOiJ0QqmQ2bDvoD5W3vs0VhfVa3eki7BT5qrfEI1CkfqHCm/8H6ZTiG14LST4tJGoZSe9qlINyPbCwErjNdUlq+94b5YRqbTvf5xw6wnJY5FKbOvFcdtFEu4KkSo86RI="},"indexValueMap":{"Kdrigo6xQyoCftTyjsM9N69xg2LArbuEOepJpBelUoc=":{"valueMac":{"type":"Buffer","data":"krAZWOtqxib6X9HJV+Cnsw1KpXUPhxjpkt/aTAn6NqU="}},"NNhSO6BViACdCXZHggVwLfrd0Egazz4BsXQufllUC8A=":{"valueMac":{"type":"Buffer","data":"jghL245h6INENBedU7d4vEcUOeceWxtlfNkpOzdkUBU="}},"QsTm9hoZ+ffwDA2lPkT1DVdB7Gn2rNR9x7mnhFs2JpI=":{"valueMac":{"type":"Buffer","data":"ujZnwEbbYCDzv4EvgH8+CwzLqyvpkrD94c2Zv/1yzhU="}},"VSe/V9biFWsFxNZYq+9fYGfXDN7zMbvoL7W/yr3yxGs=":{"valueMac":{"type":"Buffer","data":"N2xGVAkISHAWxVrgB1OVRDJ85Dy/z4xZUY54MY3BwwY="}},"Z9rmbVI3I60ffJEsRZUo7/yW4EmQ/xY0cU/fKrSZUuo=":{"valueMac":{"type":"Buffer","data":"/O0nMEiy4FuoN3l4YQcO3I1pglsKoIi/3PjC7TJHhWU="}},"1IB6l5LBYVpvRNejtYByIbEjqItFdLYw6X4Tp7t7gGg=":{"valueMac":{"type":"Buffer","data":"iU0b8hYDjhHTKLJFiT69R0NNWbYNnK78HNEq/q02e6k="}},"Av9BxYbO7LDYm801QHdUZYDufgvEuFvY19o9hPymorQ=":{"valueMac":{"type":"Buffer","data":"7iWddvLJfLypegKJdXkEksnr53hLnyq8r6rgJsMYqfw="}},"cBrxngF/hJ9vUDL9cSOtN77vBNzEBR5dkhtJ7wcL6Fc=":{"valueMac":{"type":"Buffer","data":"o0pKh3QUhoZHBJRxylkHOKC732agqqVRWldpZZDZYVY="}}}}