{"version":9,"hash":{"type":"Buffer","data":"VYSCi+NVgAd3SEgoU4aMPCk5cdCWZFZuvj5CEMAMmFljbpe3k7tWp3Ht+LWiqnbRhehKtHIoEiHXT+vW4Z9h2Q6j9ddk8HhqUatj4IEYjmJkY53i0EjE1ZjAzS+1iBoP9+lJuAYoCWWv7pkio8orcVzRUcy+1e6q2lhoKNrl/NA="},"indexValueMap":{"HUd1L8H9T7dG509UwS1Kq+iziU5OjbwkMW+AGfto0V4=":{"valueMac":{"type":"Buffer","data":"tuCLwYXrXycIn2CiBeij+yEr7TxkdcYW21atzetG3M4="}},"YPiw+Blzh8gHFBj7cv2PU2WXo08631uwyUCheNu4JtU=":{"valueMac":{"type":"Buffer","data":"Tu7JTtyBGyQO0ccNkHqX/vuueBrxrekHYzXx+QnEn7M="}},"fh4JxVnfBxXd4p2TjtdtEPK2FgoQygYvGo7Zf76RqMw=":{"valueMac":{"type":"Buffer","data":"A6j8BkzPCwUCpCKHKUtK5wSdI89/ZIqCOj35sjL56fI="}},"j7L5XF2S6hHSPtAuuBapTwQkVssENWnA02R/gRXaOg4=":{"valueMac":{"type":"Buffer","data":"Pmd4q1MjmUXOmMioS+886T2FmfC6lNJwWkn/Z6ti1I0="}},"rrJIOibPHmlAdW+wv88J6nFeKwmjw2soKtVr+TGPzro=":{"valueMac":{"type":"Buffer","data":"y+7Dt77i+0Od/wySXwQDlZdGpxpK82v+ZqTNsBuHGLI="}},"sPtKg3EGOC03/9h2Q9LvrocItdHflKOt/qoe6RrfP8g=":{"valueMac":{"type":"Buffer","data":"PJNtpLKPfT3CvL/ZypycACJPjGRtZrp4Bx4HG95BR/0="}},"wxdhtErpwdw4MifMVtd4Qj3BHwCut5e3ybPcjSgH5R4=":{"valueMac":{"type":"Buffer","data":"ypWIFua/FwPV0vqlCP/oN4TFr2/InXccADAGU1hr7t8="}},"/vjsMjc1kxYL3g36sTzd3oX5MSsPPBSxFQUl9PBZE7k=":{"valueMac":{"type":"Buffer","data":"liw7b7WC8SKkdEl3sGXPkvyC4OXxsrfniCiAw3NFAsA="}},"t/4xRi3ItXPnfJXTeF1NEaTamrkzOmTYIsvt098oeFw=":{"valueMac":{"type":"Buffer","data":"1fpC5nTPHcVcp5RZC/Ub/+GoYJ7wGyp5K/8PMFZyudA="}},"GoEL+RL8Kerk9RK1TzxEgrB/oLezpySGQ2sxEwKUUTc=":{"valueMac":{"type":"Buffer","data":"i7lhNWrviXwJLyQ14bJeVVlS7bdk661F7mBNvEHBue8="}}}}