{"noiseKey":{"private":{"type":"Buffer","data":"MPE3pla5yTxWj1fY3SVt4vklFpc2KmIEzf5gE4IMzEc="},"public":{"type":"Buffer","data":"pW92SHkp6RuGBd8ha0b3bhK8IWGm7XcOvHTRE7asn3E="}},"pairingEphemeralKeyPair":{"private":{"type":"Buffer","data":"MAP9klq0fpC6jDXGv3hWArAwsqmu+VRD3Pb5TP2tTEw="},"public":{"type":"Buffer","data":"a2RTVcpDaMp9bjFMdvFmbtLHqnu18svZiGR9nWD1EAA="}},"signedIdentityKey":{"private":{"type":"Buffer","data":"cEK3Tlxn0Z39rahP1MonOj3tttOsoUXSCA3iu/ZdRHQ="},"public":{"type":"Buffer","data":"gPTAiJpC6HgE6dcrhZRbGoI3qbo2WG/CCU1LbL5LcRI="}},"signedPreKey":{"keyPair":{"private":{"type":"Buffer","data":"OD1DCOU04DcAMf983Js9qL2lWQyI3vfo/5a9f6X8Jnw="},"public":{"type":"Buffer","data":"LOVCctYJ7w+jG9ZRBgABqVrzZ5WMizZTB2jpNzJl+SI="}},"signature":{"type":"Buffer","data":"jOZ9PLCoUIm1ijXs2xdINzECV650JYPVBjRwqyobDfuujVNgSVMnCwznuQs8Fi7l4D+ne3dmJnqAqwJSW+sgig=="},"keyId":1},"registrationId":193,"advSecretKey":"bk6eTWHhXq6mD+QkOYDdPHW9GKuH4D0xDfqQvavXK9M=","processedHistoryMessages":[{"key":{"remoteJid":"573117329903@s.whatsapp.net","fromMe":true,"id":"F3FE1AB17DF589B66C37B3D56FB61EDB"},"messageTimestamp":1750712585},{"key":{"remoteJid":"573117329903@s.whatsapp.net","fromMe":true,"id":"679E67FAF07EF85E41DFBD5625551BE7"},"messageTimestamp":1750712586},{"key":{"remoteJid":"573117329903@s.whatsapp.net","fromMe":true,"id":"913D09E465E6664A482B32BE6B04643B"},"messageTimestamp":1750712597},{"key":{"remoteJid":"573117329903@s.whatsapp.net","fromMe":true,"id":"0627116FBD964537960BF178548B3BE9"},"messageTimestamp":1750712603}],"nextPreKeyId":61,"firstUnuploadedPreKeyId":61,"accountSyncCounter":1,"accountSettings":{"unarchiveChats":false},"registered":false,"account":{"details":"CMSd9t8FEPuB58IGGAUgACgA","accountSignatureKey":"exIoJndf0QYIivaVDHhcLbsn6f5b6d1MBN6TeMS6mz8=","accountSignature":"6nFElvtzy3s/MUeToPdEO2WYIPpmGnQNl99Euj7BII3c0q/rlXq2S3MDmGqnPgzkNZGLG+E94HanWUyjLDBIBA==","deviceSignature":"pWNke0g/q0EJ9vnHpcfDHzeQV0lR9DvIHk4tLtoXje23INIATXKbDJgzVVZGegT/FjGrfvldnqbW6vJUZh36hA=="},"me":{"id":"573117329903:6@s.whatsapp.net","lid":"18769611120734:6@lid","name":"𝙰𝚁𝙶𝙴𝙽-𝙱𝙾𝚃🤑"},"signalIdentities":[{"identifier":{"name":"573117329903:6@s.whatsapp.net","deviceId":0},"identifierKey":{"type":"Buffer","data":"BXsSKCZ3X9EGCIr2lQx4XC27J+n+W+ndTATek3jEups/"}}],"platform":"android","routingInfo":{"type":"Buffer","data":"CBIIBQ=="},"lastAccountSyncTimestamp":1750713006,"lastPropHash":"PWk5B","myAppStateKeyId":"AAAAAMLa"}