[{"senderKeyId":1182272188,"senderChainKey":{"iteration":11,"seed":"RvhXcdmMVBXGvBuCTwakYDJ0F20h2MtxierOZJvIbrw="},"senderSigningKey":{"public":"BSD0ZSsRJ3t/gCk1z3u9pfmi23KKfb2oHHa5hd/2NnpZ"},"senderMessageKeys":[]},{"senderKeyId":322250961,"senderChainKey":{"iteration":1,"seed":"08O5DgWjv/ycIrTZ+4YvYTXaj3c65dArpo95q3UmY6c="},"senderSigningKey":{"public":"BaVbhSimPUqjNY247P3aCvlhfUZefGyj+JvXmiJC9wQl"},"senderMessageKeys":[]},{"senderKeyId":9683071,"senderChainKey":{"iteration":1,"seed":"QJ8eLZuGEQsTtqPxUInjNgblnJ3xaIkZaxCsesAfIfE="},"senderSigningKey":{"public":"BW7Q7AFUAZIc4J5wbxjM20KRqDuNC7wZXChTbh2MiGti"}}]