[{"senderKeyId":43744105,"senderChainKey":{"iteration":95,"seed":"UwbjQZuq2Zj2QcPiaU0sV9Wckt6mqBJEe1A/ZgDjALI="},"senderSigningKey":{"public":"BY41Wxm+paYamgPNYprCI2DAsB+eWg89U7rdQJOI7Ahi"},"senderMessageKeys":[]},{"senderKeyId":225134856,"senderChainKey":{"iteration":53,"seed":"nbDZlwJ/JwQcj2iYOxhfpv+I1BRs6wTIm+xkyU59pxU="},"senderSigningKey":{"public":"BebMdeUA7F4VIHkVlpHMSxOBO4K+VO9P2fm14b2FAiMW"},"senderMessageKeys":[]},{"senderKeyId":1308935533,"senderChainKey":{"iteration":13,"seed":"6T+tiudK3rcLwHoK+MaceLuhLvjrh5V6nbS9SeG18Gs="},"senderSigningKey":{"public":"BQ7lfPMgTOePPF6updpWjzSY5y7l9ARcyx39iyy8pGIv"},"senderMessageKeys":[]},{"senderKeyId":561302136,"senderChainKey":{"iteration":3,"seed":"IR2xoFhK2TkQIRDvj9tTrHhIRVADcoJcrev8Wl3xJMs="},"senderSigningKey":{"public":"BYtBjp8ditI2Y6IV4rpPjlvahDjxe8/B5SuZVoRL9O45"},"senderMessageKeys":[]}]