[{"senderKeyId":492431232,"senderChainKey":{"iteration":22,"seed":"Yk4F+2+JB8GL5XMVK2EHWofXqhHhitTjEzuPL3YKY1s="},"senderSigningKey":{"public":"BcFpFOVpCIswEYv/L+q/Zxh/1/N31Kfnluc0lxxxw1ck"},"senderMessageKeys":[]},{"senderKeyId":18936285,"senderChainKey":{"iteration":3,"seed":"IgTWURBa7Erq3qVv4cdVR0A5Yy+wydoNzlqG2jz6GgM="},"senderSigningKey":{"public":"BcUdH5/COX7CjAqI8NF3Z6wyISujO7PjPyfNy8Ach/Nq"},"senderMessageKeys":[]},{"senderKeyId":685229679,"senderChainKey":{"iteration":4,"seed":"YZMLwyb4Fy1rCGM7x41+pHju1gKuE4VgKMZIGUMzOR8="},"senderSigningKey":{"public":"Be2jThpcs48Ux/XYWYYPH4NTiM6f6WTcJY9rSPeS9i58"},"senderMessageKeys":[]},{"senderKeyId":1040190675,"senderChainKey":{"iteration":2,"seed":"NiyFS3JR2C6mpbQPu+NKJ418tjd+17U4F6/bSzX4Xt8="},"senderSigningKey":{"public":"BTcgJV+vYV8J+NCB602kHsmVoON6etMcpnJA6VNGHt4a"}}]