{"_sessions":{"BcZtI12LMYyRWQv7yf+ZPFlJsCUqawg833h7W1gZeqEa":{"registrationId":1262377102,"currentRatchet":{"ephemeralKeyPair":{"pubKey":"BXrtXfh54xcjn1NpIQx0CkGoB7q2QQJafy2QgH5aiZxb","privKey":"GOaD83yXTCAk4rEsfN2w6SWV2k2ewZ/WoK+oqOjh0UA="},"lastRemoteEphemeralKey":"BYHjbvvnlpckdmfyIoDprKxiY4Jt58o3CIUG9sgC9ZVL","previousCounter":0,"rootKey":"zVhbO3tRD2AGbP/zWVEVSQISfnRDHYskBRbfjR82G5w="},"indexInfo":{"baseKey":"BcZtI12LMYyRWQv7yf+ZPFlJsCUqawg833h7W1gZeqEa","baseKeyType":1,"closed":-1,"used":1750716140533,"created":1750716140533,"remoteIdentityKey":"BUCvYViU9jsKRHKRdaI11Rs7Fg+9yDN1/iEuF7zieB5k"},"_chains":{"BXrtXfh54xcjn1NpIQx0CkGoB7q2QQJafy2QgH5aiZxb":{"chainKey":{"counter":0,"key":"+rVk1QY8HeQnVsRNrBgkz9psDzP6mn6rkMjPIG9vp2Y="},"chainType":1,"messageKeys":{}}},"pendingPreKey":{"signedKeyId":1,"baseKey":"BcZtI12LMYyRWQv7yf+ZPFlJsCUqawg833h7W1gZeqEa"}}},"version":"v1"}