{"_sessions":{"BQobVi85POhKfX1fmkW2fEP2pyi61ccV3bwmLZK7OztH":{"registrationId":12388,"currentRatchet":{"ephemeralKeyPair":{"pubKey":"BYo1MWENzGfeye5CvVcHJXCN1YbJvM39FBIa7xwcpAI1","privKey":"CEPqhmtanbj/AsESxtLXy4nsOmtnoIHdk+ZcZh0uFmk="},"lastRemoteEphemeralKey":"BSQTL/ZTJPGeD+B4/e14nL785oWMZ0b0mO3ZHfVVvFts","previousCounter":0,"rootKey":"9rxpXgPgYVRp8cOP4qEvG65DyCQa06FH2u9IKEJWJTo="},"indexInfo":{"baseKey":"BQobVi85POhKfX1fmkW2fEP2pyi61ccV3bwmLZK7OztH","baseKeyType":1,"closed":1750714695847,"used":1750713257566,"created":1750713257566,"remoteIdentityKey":"BTuZdvDwaT2wUpZn0d7YYJ3WVQGswqFNf31xi8q/0B4A"},"_chains":{"BYo1MWENzGfeye5CvVcHJXCN1YbJvM39FBIa7xwcpAI1":{"chainKey":{"counter":0,"key":"mWaC3nqDQPIU7+qvfU8eb6hwaZfX0sHVnR/tlqHOn3g="},"chainType":1,"messageKeys":{}}},"pendingPreKey":{"signedKeyId":1,"baseKey":"BQobVi85POhKfX1fmkW2fEP2pyi61ccV3bwmLZK7OztH"}},"BVKUEqhYysejAE8Wr5bnFpd0sMRbPIq9SRlYH8wa224W":{"registrationId":12388,"currentRatchet":{"ephemeralKeyPair":{"pubKey":"BZFNnSqyNh2C4p0pC3OaX9xlzHotVSFknhFACtGW8wtW","privKey":"oBqPpT0Tj+R/RP1JKx2jFfmlrIQC43eEshBJlkmnmkY="},"lastRemoteEphemeralKey":"BSTYMqlMIBA0jOL2JsOOZ4NfM4Rh/TDiw9k892bk+EAh","previousCounter":0,"rootKey":"5WgOrQvL0pTmH0xdz2dV/sdS0M7DbHIEtpq636+YW5o="},"indexInfo":{"baseKey":"BVKUEqhYysejAE8Wr5bnFpd0sMRbPIq9SRlYH8wa224W","baseKeyType":2,"closed":-1,"used":1750714695853,"created":1750714695853,"remoteIdentityKey":"BTuZdvDwaT2wUpZn0d7YYJ3WVQGswqFNf31xi8q/0B4A"},"_chains":{"BSTYMqlMIBA0jOL2JsOOZ4NfM4Rh/TDiw9k892bk+EAh":{"chainKey":{"counter":1,"key":"o+kYWymDCGbqN2+Rebn6F3deIYHtnbCJrxbtu6J6YPg="},"chainType":2,"messageKeys":{}},"BZFNnSqyNh2C4p0pC3OaX9xlzHotVSFknhFACtGW8wtW":{"chainKey":{"counter":0,"key":"1qqfHgmDAnRNHoyC3cJDfrJrygWcFoommbeK6GCCCro="},"chainType":1,"messageKeys":{}}}}},"version":"v1"}