{"_sessions":{"Bchbq8/dBJ5YlC5r46XoILDFzlWpUZU/gj4GwivAzDd3":{"registrationId":1444920727,"currentRatchet":{"ephemeralKeyPair":{"pubKey":"BbVBjIZhqXaVhCFKo/wYO6f9bemf4QWLkDMNWtoATMcM","privKey":"4PcDLVADBV8w8Ii4QjSM8iB9DXx3xhtB2X0VeDrsF20="},"lastRemoteEphemeralKey":"BXYiAyTbnFMhLnpcExFPearqpIMNjXQs//EzQrgzlf4Q","previousCounter":0,"rootKey":"vWgPYT0LMEaA3qVqeBK4dym8vGNHWcszVTboiYF73pE="},"indexInfo":{"baseKey":"Bchbq8/dBJ5YlC5r46XoILDFzlWpUZU/gj4GwivAzDd3","baseKeyType":1,"closed":-1,"used":1750716140336,"created":1750716140336,"remoteIdentityKey":"BYoo6mjZ2+qkkGqa90XyPb6a0V5qNUf7rwO9tGupuWg7"},"_chains":{"BbVBjIZhqXaVhCFKo/wYO6f9bemf4QWLkDMNWtoATMcM":{"chainKey":{"counter":0,"key":"/bav47vTy9sb57pJZGQshUnz7TvAvoFXvxWvQ1K6UqE="},"chainType":1,"messageKeys":{}}},"pendingPreKey":{"signedKeyId":15420549,"baseKey":"Bchbq8/dBJ5YlC5r46XoILDFzlWpUZU/gj4GwivAzDd3","preKeyId":2794}}},"version":"v1"}