{"_sessions":{"Bb9YPT2ueHIeDPsIwGJuVF9FM5HCKQdtFz4hi3ls515A":{"registrationId":557272694,"currentRatchet":{"ephemeralKeyPair":{"pubKey":"BTkXD/4bz1bZi1T5/p2cmdc5KmxYC4FYoOmaXFPM4BRk","privKey":"CLH+M1dO57WfblUBs7IxadRS4Ley2JgERMNSIorr1mY="},"lastRemoteEphemeralKey":"Bc8XNapm5o3fe0/n5LgrhsXBBdPsrP2ZZPFEBEG2U5V6","previousCounter":0,"rootKey":"7UwbQ9t4+I+kOP9Fm9qTh13p4/9vNhNOGdy+SIcrCB8="},"indexInfo":{"baseKey":"Bb9YPT2ueHIeDPsIwGJuVF9FM5HCKQdtFz4hi3ls515A","baseKeyType":1,"closed":-1,"used":1750716140447,"created":1750716140447,"remoteIdentityKey":"BVrLnpXuoPeimZZ1puw8ToCMHg1FiCYv23ximVdP8VA1"},"_chains":{"BTkXD/4bz1bZi1T5/p2cmdc5KmxYC4FYoOmaXFPM4BRk":{"chainKey":{"counter":0,"key":"1Jrye0qFKWBHz3RMh+M1w5h/uoktnS8n5KHW43TtJts="},"chainType":1,"messageKeys":{}}},"pendingPreKey":{"signedKeyId":24,"baseKey":"Bb9YPT2ueHIeDPsIwGJuVF9FM5HCKQdtFz4hi3ls515A","preKeyId":3461522}}},"version":"v1"}