{"_sessions":{"BQb9/Q6xD1PpN4vOnEGBrpG3JnjRBZ2M8YAsektQjFN/":{"registrationId":1536996497,"currentRatchet":{"ephemeralKeyPair":{"pubKey":"BVzsG0Vm4X/DnWfWb6jciZMUdKzMZxOJjkdEkXGw9lIF","privKey":"CD4+6EIaYKExYTL3cX2rFSCK/Q2ZV9XJrisXYQBJA2I="},"lastRemoteEphemeralKey":"BQ5wk3C9q8EvMlY2+91khQ1pk5SecCdGdDtv0wNakbUv","previousCounter":0,"rootKey":"nVeCw9w/WFov1egj2gsXEYY4G22fZmQpKwwIhtv1u20="},"indexInfo":{"baseKey":"BQb9/Q6xD1PpN4vOnEGBrpG3JnjRBZ2M8YAsektQjFN/","baseKeyType":1,"closed":1750862382651,"used":1750716140256,"created":1750716140256,"remoteIdentityKey":"BePQmgrWSkWe8gCuon98SN82BTKIP8sDMchCbsZH4lhQ"},"_chains":{"BVzsG0Vm4X/DnWfWb6jciZMUdKzMZxOJjkdEkXGw9lIF":{"chainKey":{"counter":0,"key":"au1OQj07UbluQWv935TtmvawBCYIqRv0OyERm1RQafk="},"chainType":1,"messageKeys":{}}},"pendingPreKey":{"signedKeyId":0,"baseKey":"BQb9/Q6xD1PpN4vOnEGBrpG3JnjRBZ2M8YAsektQjFN/","preKeyId":7272670}},"BS+wNFmPCVIW9e1Xo/V2AHBheTnMC63AjmOJMXJxD5JB":{"registrationId":1886250136,"currentRatchet":{"ephemeralKeyPair":{"pubKey":"BeqgoCwU3E4MOzNhD3tEUve1Vxo0E3bLAd5Xvwy/xNlg","privKey":"GGgiHmSdeOZbmVWSGNba+T/GbS7md0nAS3ZmAdxOakQ="},"lastRemoteEphemeralKey":"BYW7fIj0pa3gX7T098N+0MSelJQ7JEFM7Ty73Cg+yR8B","previousCounter":0,"rootKey":"Y7H/P4Jo4VNxMbg6UWJhnJ1pQba6DtrbV7ICheTNtNo="},"indexInfo":{"baseKey":"BS+wNFmPCVIW9e1Xo/V2AHBheTnMC63AjmOJMXJxD5JB","baseKeyType":1,"closed":-1,"used":1750862382640,"created":1750862382640,"remoteIdentityKey":"BUB82vc14fl8eWhoKmmZAWoQpvHtqSgVQAecghWsy79B"},"_chains":{"BeqgoCwU3E4MOzNhD3tEUve1Vxo0E3bLAd5Xvwy/xNlg":{"chainKey":{"counter":-1,"key":"qKsPeWwKmoSNbPev6Y1s59oogMm3anHXMRVDkdwpRAw="},"chainType":1,"messageKeys":{}}},"pendingPreKey":{"signedKeyId":0,"baseKey":"BS+wNFmPCVIW9e1Xo/V2AHBheTnMC63AjmOJMXJxD5JB","preKeyId":4893034}}},"version":"v1"}