{"_sessions":{"BUv9c/aYH5fyhp5sQTlV+6Z8E7B38kNL2rG2rhL5FOda":{"registrationId":867314321,"currentRatchet":{"ephemeralKeyPair":{"pubKey":"Bd/Tz9duvC4h+ycoJ9u47DaOcv2jZwKclGkj9JS8WTAG","privKey":"aGcGr99tJjsoNiPQ84kyF55GqAlbicp4WMBdIIcV/1M="},"lastRemoteEphemeralKey":"BYp7UD6ZDAg1Ic7NWv6ttFHBVJk6C2Ax2E8pcBNnHMlc","previousCounter":0,"rootKey":"SrwK9lhqlAHX76gUMPVz+Ze+w6JrSL1OZwPO0li6DUE="},"indexInfo":{"baseKey":"BUv9c/aYH5fyhp5sQTlV+6Z8E7B38kNL2rG2rhL5FOda","baseKeyType":1,"closed":-1,"used":1750716140123,"created":1750716140123,"remoteIdentityKey":"Bc+/8tQN6gwgoue9m0whKHa6gzvOdxv3oZYQ56urWQZN"},"_chains":{"Bd/Tz9duvC4h+ycoJ9u47DaOcv2jZwKclGkj9JS8WTAG":{"chainKey":{"counter":0,"key":"96G5Ku0cOFQlZpULodQ08fGbbUJ3QYbIgT92wl3K17M="},"chainType":1,"messageKeys":{}}},"pendingPreKey":{"signedKeyId":2,"baseKey":"BUv9c/aYH5fyhp5sQTlV+6Z8E7B38kNL2rG2rhL5FOda","preKeyId":1754}}},"version":"v1"}