{"_sessions":{"BSSBpIfAkJLqNxqOAx9d/hdsQK2sZcsZKL+8OJS4KBte":{"registrationId":1935976236,"currentRatchet":{"ephemeralKeyPair":{"pubKey":"BSDvMk/xFoOvKjiOAvdvJiybeYZLCkOdyu47Sq4UJeQa","privKey":"CMkcDTBSj0dl6blD8SSK3oN30DDvYj9KR+KTAulGs2Y="},"lastRemoteEphemeralKey":"BR0YFemXYdCt2XiFFF23Rdfq6kWb0bD+lzoxcUXWlu5E","previousCounter":0,"rootKey":"JFxpyOkxvE7cj8LoxCf9+XLKS2un62Jm3Mk4vl+y13c="},"indexInfo":{"baseKey":"BSSBpIfAkJLqNxqOAx9d/hdsQK2sZcsZKL+8OJS4KBte","baseKeyType":1,"closed":-1,"used":1750716140441,"created":1750716140441,"remoteIdentityKey":"BfwVVWR6CThnuITkp4ugX3sioiXrQA6xzxJlfQLkwFch"},"_chains":{"BSDvMk/xFoOvKjiOAvdvJiybeYZLCkOdyu47Sq4UJeQa":{"chainKey":{"counter":0,"key":"tKSh7UWRRrWZqHJTNAXwI0Kr4cJrI5zdcuOpXGaKEvE="},"chainType":1,"messageKeys":{}}},"pendingPreKey":{"signedKeyId":4173588,"baseKey":"BSSBpIfAkJLqNxqOAx9d/hdsQK2sZcsZKL+8OJS4KBte"}}},"version":"v1"}