{"_sessions":{"Bci4cRVcvPFzuIVLzmOaLdZEEWuikxHEsZL9g1oIG/dP":{"registrationId":1314611920,"currentRatchet":{"ephemeralKeyPair":{"pubKey":"BZ/4FM36XZbpPnCYwOOm1FGcwFzAllODB0tMo1VFLiYm","privKey":"OCedbIaMUrMZVw4Pq/+uWhO+sOFBUwh3AoVGVobT5HE="},"lastRemoteEphemeralKey":"Ba1qX5bmQkD8xsSUrZ+kjws9E4PSvDOFbKBGSA94uq1A","previousCounter":0,"rootKey":"K8F/GgdOpzZNyDNK+1nCuakJQ+lGu0WC51yeNK1IvM8="},"indexInfo":{"baseKey":"Bci4cRVcvPFzuIVLzmOaLdZEEWuikxHEsZL9g1oIG/dP","baseKeyType":1,"closed":-1,"used":1750716140418,"created":1750716140418,"remoteIdentityKey":"BTauBwVSZyvXgHfNTIV49TfDX5gPYfbn6DpbP0k79RwZ"},"_chains":{"BZ/4FM36XZbpPnCYwOOm1FGcwFzAllODB0tMo1VFLiYm":{"chainKey":{"counter":0,"key":"tpQcs7/gDMQF2zpEVkTQcuY0cZSjB+W23x4DvLNtveE="},"chainType":1,"messageKeys":{}}},"pendingPreKey":{"signedKeyId":1,"baseKey":"Bci4cRVcvPFzuIVLzmOaLdZEEWuikxHEsZL9g1oIG/dP","preKeyId":12002668}}},"version":"v1"}