{"_sessions":{"BZV6fTk9jwrE3vTYL46wpIxYbZ8p7Bhj7QHKi42KqUUZ":{"registrationId":155,"currentRatchet":{"ephemeralKeyPair":{"pubKey":"BcgCWj5JDqozQHEItTmxo2FJf75DLnWEhtFGyC09xaZe","privKey":"6OKyuTF1z1B/GYdwevzMMdSmtINgl+r3Xk7LLCvTBUQ="},"lastRemoteEphemeralKey":"BUj0wxWXFgV3YJHD83lYcgvzAmJUxw0XV+n49FiG+Tk1","previousCounter":0,"rootKey":"qwOq7nKUU8MR9GqOGDtruqHOjKqZltB07oSloSeUpno="},"indexInfo":{"baseKey":"BZV6fTk9jwrE3vTYL46wpIxYbZ8p7Bhj7QHKi42KqUUZ","baseKeyType":1,"closed":-1,"used":1750713257559,"created":1750713257559,"remoteIdentityKey":"BUsUCAkYJmaqnWzupDx1sjo/39CqAK0+cLbl+2UDkG9F"},"_chains":{"BcgCWj5JDqozQHEItTmxo2FJf75DLnWEhtFGyC09xaZe":{"chainKey":{"counter":4,"key":"d1MOD+EEHOPQLL3Y5CkaHKFwcVrun15G+gdK5uDNxEY="},"chainType":1,"messageKeys":{}}},"pendingPreKey":{"signedKeyId":1,"baseKey":"BZV6fTk9jwrE3vTYL46wpIxYbZ8p7Bhj7QHKi42KqUUZ","preKeyId":27}}},"version":"v1"}