{"_sessions":{"BdfbFxW5Aog98B1dy8FJUK7BIjp+iOSTPh8tjW6K7u9N":{"registrationId":16263,"currentRatchet":{"ephemeralKeyPair":{"pubKey":"Bbj0hYJl3e4Q3I3JZNBYMHYq/Ppnt55W/4PZCPe8xEhr","privKey":"8Orzxvy+QHjri9Yj/ebm7rYCp2m8LsbGneyKufq6dHc="},"lastRemoteEphemeralKey":"BYyK+eUucgbeiwtsb5Rfts3+gEaZVZjPIq8jcbZxgaos","previousCounter":0,"rootKey":"XEyfbN7SVdTEYT6M12vDZS5u84I1v6e0Pr4uHIjFIqg="},"indexInfo":{"baseKey":"BdfbFxW5Aog98B1dy8FJUK7BIjp+iOSTPh8tjW6K7u9N","baseKeyType":1,"closed":-1,"used":1750716140000,"created":1750716140000,"remoteIdentityKey":"BbV+qiIJQW0jm0u93nAliLp1cONYHmLAxAG4rEgc2rAg"},"_chains":{"Bbj0hYJl3e4Q3I3JZNBYMHYq/Ppnt55W/4PZCPe8xEhr":{"chainKey":{"counter":0,"key":"LfLlXQn7tolSdaSd+d+m3jy9/1TZVogzim7LQJDphXs="},"chainType":1,"messageKeys":{}}},"pendingPreKey":{"signedKeyId":1,"baseKey":"BdfbFxW5Aog98B1dy8FJUK7BIjp+iOSTPh8tjW6K7u9N","preKeyId":1724}}},"version":"v1"}