{"_sessions":{"BURvxm2NTJhh61Rq6dS9aK7bOcUY1QvL91Qv0PBGjQwD":{"registrationId":990189413,"currentRatchet":{"ephemeralKeyPair":{"pubKey":"Bcve9DpyOWexIISAAh039Xwbne0cnAusPitkgyAh5RNl","privKey":"GI2wzGnpYIsVuT17mdagrmeBoWUeAlC7FR7PVSiaiWM="},"lastRemoteEphemeralKey":"BaWvFyYiGNsp74IjCCRk8swsMTVzk3zzZJse37cT1Pk2","previousCounter":0,"rootKey":"BWhbAb/LTNf+XnK17t5x6cL7RQS4NFaVbSHm1vnTwKs="},"indexInfo":{"baseKey":"BURvxm2NTJhh61Rq6dS9aK7bOcUY1QvL91Qv0PBGjQwD","baseKeyType":2,"closed":-1,"used":1750713999453,"created":1750713930099,"remoteIdentityKey":"BY376fhEw0YgtoHkmrJ7oWWKuzbUYVfP8Ah/oLk0Uz1d"},"_chains":{"BaKqvgYHBCYhmP2lHsqy5u54KquUfaQnfIBb5dHHYjkc":{"chainKey":{"counter":0},"chainType":2,"messageKeys":{}},"BaWvFyYiGNsp74IjCCRk8swsMTVzk3zzZJse37cT1Pk2":{"chainKey":{"counter":1,"key":"Q2R+g34SOrxGmlQ1X0/qPPXU5acytRpIjssIXxdeu3g="},"chainType":2,"messageKeys":{}},"Bcve9DpyOWexIISAAh039Xwbne0cnAusPitkgyAh5RNl":{"chainKey":{"counter":-1,"key":"sR/5ER1vNWLX3TlEVidRHvOHt8WG2XSg9gh+gPr8ofg="},"chainType":1,"messageKeys":{}}}}},"version":"v1"}