{"_sessions":{"BQPjPlbbI//gv1G1tevoBpEVJIRIzTY4bfgrOWYE4gUZ":{"registrationId":1577559195,"currentRatchet":{"ephemeralKeyPair":{"pubKey":"BeipJi2s5xIaAKi6j9D4sprpEuO72BHsjJCKjEs94WB1","privKey":"eEmsqwocLMnsJ2//VyM/kscL9+zzpZkuJh3z/sNc/ko="},"lastRemoteEphemeralKey":"BQmIIjOPY8CzzwXrcSkhFQ6gvUk/+fZi1tD3qW5ez/Je","previousCounter":0,"rootKey":"i22glIA5roXxW3p6V//SGpGatWI4QEFvh7fbyGbW/38="},"indexInfo":{"baseKey":"BQPjPlbbI//gv1G1tevoBpEVJIRIzTY4bfgrOWYE4gUZ","baseKeyType":1,"closed":-1,"used":1750713931941,"created":1750713931941,"remoteIdentityKey":"BS1ZkvzNCNDn2e3Xs/nogFzkOmHCB64kaMmqlwtLEqlv"},"_chains":{"BeipJi2s5xIaAKi6j9D4sprpEuO72BHsjJCKjEs94WB1":{"chainKey":{"counter":0,"key":"fTlG/B2HrbxFqXS10YOJ+0I78ymU3ZK/c9snf0lK7LQ="},"chainType":1,"messageKeys":{}}},"pendingPreKey":{"signedKeyId":37529,"baseKey":"BQPjPlbbI//gv1G1tevoBpEVJIRIzTY4bfgrOWYE4gUZ","preKeyId":106}}},"version":"v1"}