{"_sessions":{"BSD7C8Kp3Ym2Sq60n7vyu1Rv4pXFCVIu/NM5+O7k7rhf":{"registrationId":7361,"currentRatchet":{"ephemeralKeyPair":{"pubKey":"Bcjth2ZcGiFg6EGO+s2JNmH5kBWSsUm5c4t/f0sBqQU6","privKey":"EFzQqwPjziJ3GMo+kBbQqz/naQ6kQUx9pWqp2JKWxUM="},"lastRemoteEphemeralKey":"Be4lLAiHMrA8ZZV/Wm7L/inrHD7C1gB1x2ynU2ZwPV1t","previousCounter":0,"rootKey":"eqzVehahLgTC1Di4lpeKa01zE4Fx5o9B760gv/w8vkI="},"indexInfo":{"baseKey":"BSD7C8Kp3Ym2Sq60n7vyu1Rv4pXFCVIu/NM5+O7k7rhf","baseKeyType":1,"closed":-1,"used":1750713257590,"created":1750713257590,"remoteIdentityKey":"Baw7nWbkjzzCheN9L4agYtVnuvvvNGW9qP2e8141821X"},"_chains":{"Bcjth2ZcGiFg6EGO+s2JNmH5kBWSsUm5c4t/f0sBqQU6":{"chainKey":{"counter":0,"key":"NEnd99MP6JWllhJmCE/EuKRZflrtdUDpA3qC5+qs84o="},"chainType":1,"messageKeys":{}}},"pendingPreKey":{"signedKeyId":1,"baseKey":"BSD7C8Kp3Ym2Sq60n7vyu1Rv4pXFCVIu/NM5+O7k7rhf","preKeyId":259}}},"version":"v1"}