{"_sessions":{"BeHicOOGcROiWY0dQZ8TBJl4Vi15pPDltwvgVJ6p72Na":{"registrationId":1617047640,"currentRatchet":{"ephemeralKeyPair":{"pubKey":"BfZhJZgJZee9XWqAJmV4N8I0+orq/1Ojx8hkBnuW1pli","privKey":"cFlUW6KU6dlq6hz4DpX+ytd3ZdWi3NPZRmADmEHAHXY="},"lastRemoteEphemeralKey":"BalpD0QCq8xfMZvATBHTjsM2V+MV1ujZnsxd4sVIeR9x","previousCounter":0,"rootKey":"GtTKcShmh2fFJax0WbUd/TPsmjmbabBzq/mmSxBYTTE="},"indexInfo":{"baseKey":"BeHicOOGcROiWY0dQZ8TBJl4Vi15pPDltwvgVJ6p72Na","baseKeyType":1,"closed":-1,"used":1750716140458,"created":1750716140458,"remoteIdentityKey":"BZklCOb4K7X9nW+lEveypiMHl/eZk1uDXtuOYXIMGkd0"},"_chains":{"BfZhJZgJZee9XWqAJmV4N8I0+orq/1Ojx8hkBnuW1pli":{"chainKey":{"counter":0,"key":"tKMWsUc8BP+AFoEm/UXMnJxW5oih3w2u2ikVoz+WXKc="},"chainType":1,"messageKeys":{}}},"pendingPreKey":{"signedKeyId":0,"baseKey":"BeHicOOGcROiWY0dQZ8TBJl4Vi15pPDltwvgVJ6p72Na"}}},"version":"v1"}