{"_sessions":{"Be/V2BSfCdAFgEE4802tb39dYc8SmI0nBSz8YgmFDv8X":{"registrationId":2138396071,"currentRatchet":{"ephemeralKeyPair":{"pubKey":"BX7J200cfVP9x36rMDkpecbsUtMwgTnxiMDsPizy3DBB","privKey":"ODkQp1gOSzE8///NFlfKWKyuCqSXi5UYQaznA6XPC2w="},"lastRemoteEphemeralKey":"BTLSD10Nci49AZzgSb28qFqZg/MWlshhVHZvOek8DX8o","previousCounter":0,"rootKey":"3SF0kYoXGLoe+4OyKB/V4suKE8qoo/suagLN6SJnqdc="},"indexInfo":{"baseKey":"Be/V2BSfCdAFgEE4802tb39dYc8SmI0nBSz8YgmFDv8X","baseKeyType":1,"closed":-1,"used":1750771823329,"created":1750713257674,"remoteIdentityKey":"BSJgl9YD55Ti4q/R+AP8YXk/obCZJPPAVsByhDGG/MR9"},"_chains":{"BTLSD10Nci49AZzgSb28qFqZg/MWlshhVHZvOek8DX8o":{"chainKey":{"counter":0,"key":"B4djCGHyknEPyRa3jDmN9C5S4ptrKONFTo8rCHPBnIE="},"chainType":2,"messageKeys":{}},"BX7J200cfVP9x36rMDkpecbsUtMwgTnxiMDsPizy3DBB":{"chainKey":{"counter":-1,"key":"KRWv+Ihr6wntpLuQs5gVs8MojwhS1roYgLLF1MjmahY="},"chainType":1,"messageKeys":{}}}}},"version":"v1"}