{"_sessions":{"BcVVV9JS2RDFHnYVkKQ5FaGQOrZtvJxXcFXCJ8tieksU":{"registrationId":1434284946,"currentRatchet":{"ephemeralKeyPair":{"pubKey":"Be59b2ZFXyUHJvI6f5ZiGI1DdoOAJttm/jTFjhm0J3JD","privKey":"uG2plH7rcMnC92oFqe+uuy89e/a1q8oKlt0qxW79RnM="},"lastRemoteEphemeralKey":"BdVndSE2O0ngPAQUpW3T0gKw96eylyKzcOXYjnhe24N5","previousCounter":0,"rootKey":"T6kM+LQiGmeCFa+6g/P2Yrs45rIWJ4HpM9WMauHvUVg="},"indexInfo":{"baseKey":"BcVVV9JS2RDFHnYVkKQ5FaGQOrZtvJxXcFXCJ8tieksU","baseKeyType":1,"closed":-1,"used":1750716140477,"created":1750716140477,"remoteIdentityKey":"BcNCa58VHJmvBkyDDRUoIN5WmIPExLxlJaEkb3a6fsZu"},"_chains":{"Be59b2ZFXyUHJvI6f5ZiGI1DdoOAJttm/jTFjhm0J3JD":{"chainKey":{"counter":0,"key":"QwW7K9RqlKrMG17Gr2Q8z2P4/7aEGz79fSOWucwnb/s="},"chainType":1,"messageKeys":{}}},"pendingPreKey":{"signedKeyId":3,"baseKey":"BcVVV9JS2RDFHnYVkKQ5FaGQOrZtvJxXcFXCJ8tieksU","preKeyId":3081837}}},"version":"v1"}