{"_sessions":{"BZaNOZc/3g2nVUMyEeTfKFyj4VAt/XkG25oH+z4bXE1x":{"registrationId":1874675046,"currentRatchet":{"ephemeralKeyPair":{"pubKey":"BZOFklFf2l2EgIEWXzlAj+yCPN3BYyYapTMzf64zj6gt","privKey":"6BwbroL2pjMimlaq5wYdijvWoHKm/jEMKmlJN654R2o="},"lastRemoteEphemeralKey":"BRwMaQmRIk/IEGcspSvFGneCanYPA720AX93aTvMIeI4","previousCounter":0,"rootKey":"6QNGi70fkxzx6F1RvuzTR1rgv7I0cBANS/M2TaNLQkI="},"indexInfo":{"baseKey":"BZaNOZc/3g2nVUMyEeTfKFyj4VAt/XkG25oH+z4bXE1x","baseKeyType":1,"closed":-1,"used":1750716140322,"created":1750716140322,"remoteIdentityKey":"BSJUHPKnkAHtivZZ8SrlU4OSqiEvPt5/DCYP5pAgvaM3"},"_chains":{"BZOFklFf2l2EgIEWXzlAj+yCPN3BYyYapTMzf64zj6gt":{"chainKey":{"counter":0,"key":"Gito8+PHWq38r6aicbYI+KHcnLnJMZj+F7jOS3e7zrs="},"chainType":1,"messageKeys":{}}},"pendingPreKey":{"signedKeyId":8,"baseKey":"BZaNOZc/3g2nVUMyEeTfKFyj4VAt/XkG25oH+z4bXE1x","preKeyId":3078864}}},"version":"v1"}