{"_sessions":{"Ba2JyShvi3s0Okng4RkHC+tP8xWb2YZcWDx1agVhrKll":{"registrationId":669507195,"currentRatchet":{"ephemeralKeyPair":{"pubKey":"BeUXjL1PuQvW3/9n0emgZOE29uRBBnv1aPZ1e7vMSkpa","privKey":"+IDUbkEeeaQyhRFeNb7vyGqsIRT6sPoa8T12GMgDxUQ="},"lastRemoteEphemeralKey":"BXBKjEfa6Y8SR4oTijehKci9piSePK4Y2E1QQEl8okYt","previousCounter":1,"rootKey":"0ebR/UHFL37d8WyxFoalaaNuiS/1dpbcKTBuCpa6K4I="},"indexInfo":{"baseKey":"Ba2JyShvi3s0Okng4RkHC+tP8xWb2YZcWDx1agVhrKll","baseKeyType":1,"closed":-1,"used":1750774340278,"created":1750713257729,"remoteIdentityKey":"BV7hPBUPS9v5OJzodcfbURUQ3uP9jANxoTa3UPWWehMO"},"_chains":{"BXBKjEfa6Y8SR4oTijehKci9piSePK4Y2E1QQEl8okYt":{"chainKey":{"counter":0,"key":"yQb3eTPbHOzOUpuH1fGVdtbUQnt4o1wIsb5KEzK8+nI="},"chainType":2,"messageKeys":{}},"BeUXjL1PuQvW3/9n0emgZOE29uRBBnv1aPZ1e7vMSkpa":{"chainKey":{"counter":-1,"key":"QbKmK3P5ibTZPa0jBOWuNn6Y/LDozi65im0RXB4K0vI="},"chainType":1,"messageKeys":{}}}}},"version":"v1"}