{"_sessions":{"BXcvQC5Mwx+fxrgQC/tR27fuUyKWRe6JiykEtu7qR9gy":{"registrationId":133777228,"currentRatchet":{"ephemeralKeyPair":{"pubKey":"Bd3xiXIwO+Qu9utqr78sL/WcdJ7ZMtjMxWip9OoiBj9H","privKey":"sJpM9nye1ottWfrZRDrezZaHAin0E8SIZ3dVPs6HeF4="},"lastRemoteEphemeralKey":"BRIpAYUMabq+qRuR6VTQIQcn0ur7rMy46rt8PQ1J4Gty","previousCounter":0,"rootKey":"QvJwUiqz47VFOwpZD8Nabrx1rHqEJ32wgLRYWYtJ9Xs="},"indexInfo":{"baseKey":"BXcvQC5Mwx+fxrgQC/tR27fuUyKWRe6JiykEtu7qR9gy","baseKeyType":1,"closed":-1,"used":1750716140261,"created":1750716140261,"remoteIdentityKey":"BeFKDOMwQHTImsTm8kFx8BVdGt5kvjUsheXnTJajjGIt"},"_chains":{"Bd3xiXIwO+Qu9utqr78sL/WcdJ7ZMtjMxWip9OoiBj9H":{"chainKey":{"counter":0,"key":"UTAr33aLB6DCVc4oT0oyyKH2bG36Sz216nD7caueAlA="},"chainType":1,"messageKeys":{}}},"pendingPreKey":{"signedKeyId":20,"baseKey":"BXcvQC5Mwx+fxrgQC/tR27fuUyKWRe6JiykEtu7qR9gy","preKeyId":7191948}}},"version":"v1"}