{"_sessions":{"Bc2U1yWQ7Xr4YCyO/lif3+kIsYOuK4lyCjMrKeFDq8Iv":{"registrationId":10914,"currentRatchet":{"ephemeralKeyPair":{"pubKey":"Bc53uRfObatnEVHecA6k+yUSL5/gtgi6rR4+vXdpUnNX","privKey":"uNjzYzC0NBdX598CjwEjNmf5Arm9BQIaijRkPa5n41U="},"lastRemoteEphemeralKey":"BYI+aw2EOZMjRI07BvGcsiDHb69uYcWOitpmcL+5DFpE","previousCounter":0,"rootKey":"wWGPPHjXHN59cwa/Mz1VPizlcAvGhZ9oIybmMeSpIW4="},"indexInfo":{"baseKey":"Bc2U1yWQ7Xr4YCyO/lif3+kIsYOuK4lyCjMrKeFDq8Iv","baseKeyType":1,"closed":-1,"used":1750716140094,"created":1750716140094,"remoteIdentityKey":"BZTu/jeyyEuLOy3FuFS3CnKeFWcOblSOvCmjXZ1tJJZr"},"_chains":{"Bc53uRfObatnEVHecA6k+yUSL5/gtgi6rR4+vXdpUnNX":{"chainKey":{"counter":0,"key":"fRZ466LecW7jGaKQd96CGtIjlntoKkyDHcusQdHzVcE="},"chainType":1,"messageKeys":{}}},"pendingPreKey":{"signedKeyId":1,"baseKey":"Bc2U1yWQ7Xr4YCyO/lif3+kIsYOuK4lyCjMrKeFDq8Iv","preKeyId":85}}},"version":"v1"}