{"_sessions":{"BQuja7RyGb4KAF4kUPwOjl7jA5DNW6FkgaE4uRyKBdx+":{"registrationId":670,"currentRatchet":{"ephemeralKeyPair":{"pubKey":"BfWLVYGRtuLbBLim0t6HHUYtHPLJ4ut47T7dUYs3JANz","privKey":"uJkqRLWM58RzTObyRq3kzSy2kzYcuistvW+qpYkKVGc="},"lastRemoteEphemeralKey":"BZ/FjPQDsDWEyvzHdl3qJi+C5HlhDhIpKBpGb85//7sK","previousCounter":0,"rootKey":"/mEZM8oTugQnm3UHSfbSXoqNM0SbDUi7vx1M9Ds25V8="},"indexInfo":{"baseKey":"BQuja7RyGb4KAF4kUPwOjl7jA5DNW6FkgaE4uRyKBdx+","baseKeyType":1,"closed":-1,"used":1750716140064,"created":1750716140064,"remoteIdentityKey":"Bfj0LSwdcQYi5kgjNev7osNsEn8e2s7QmsIsMY07wBkj"},"_chains":{"BfWLVYGRtuLbBLim0t6HHUYtHPLJ4ut47T7dUYs3JANz":{"chainKey":{"counter":0,"key":"a/FNcPjKORR7C04CpqORXrwbvTTRkGXh/0/u5I+3D7w="},"chainType":1,"messageKeys":{}}},"pendingPreKey":{"signedKeyId":1,"baseKey":"BQuja7RyGb4KAF4kUPwOjl7jA5DNW6FkgaE4uRyKBdx+","preKeyId":1167}}},"version":"v1"}