{"_sessions":{"Ba7F85eQ0SAzwP4v094I/S/RswuvJ8uHpWXKVyIWaoZT":{"registrationId":1870711722,"currentRatchet":{"ephemeralKeyPair":{"pubKey":"BQJMJoT1Nn2gGvRgCuE6PGy78HItQSpHrSwsgL/s69hv","privKey":"KCTvjX0WuiN/UK1xaYJ597zGXG1VJ7mwH74ZE51a0HI="},"lastRemoteEphemeralKey":"BV5toQp7PnLWnMIFcf9VPlJJ54KrFlVyOlLHpwk4WSRQ","previousCounter":0,"rootKey":"zkyp8m3RISIcZ9n/Wy7ljtSy387lQ4GbObX0j8YHJxU="},"indexInfo":{"baseKey":"Ba7F85eQ0SAzwP4v094I/S/RswuvJ8uHpWXKVyIWaoZT","baseKeyType":1,"closed":-1,"used":1750716140343,"created":1750716140343,"remoteIdentityKey":"BRGPHx6KSWE3+I7G1AUKgevZscjK9fJvG5RylYwHJsQ1"},"_chains":{"BQJMJoT1Nn2gGvRgCuE6PGy78HItQSpHrSwsgL/s69hv":{"chainKey":{"counter":0,"key":"gBhFkjqDcKMm2fTre3JCf0QJ9i/3SY4/91YcpSvKRag="},"chainType":1,"messageKeys":{}}},"pendingPreKey":{"signedKeyId":10,"baseKey":"Ba7F85eQ0SAzwP4v094I/S/RswuvJ8uHpWXKVyIWaoZT","preKeyId":13460814}}},"version":"v1"}