{"_sessions":{"BRcCZKGyuF9G3VUpYI5RC4c2NfcTQwsGUFZbY4MhWnt5":{"registrationId":227992479,"currentRatchet":{"ephemeralKeyPair":{"pubKey":"Bfvpx6d0ruFdjpRiH4uavT0ktnb/N3xkkoCEp4vqUp1n","privKey":"YMEnqLAMwmHHiokOOhDhlB1/qO/yLso95ktUEN707Fc="},"lastRemoteEphemeralKey":"BZxXsKUKSCk1rXomEtauavSX2rWwJjIR+MDECKGgkt4s","previousCounter":0,"rootKey":"qDh65XbD7o52J9oOwZTscUCE333qltQqprMYkaKt62w="},"indexInfo":{"baseKey":"BRcCZKGyuF9G3VUpYI5RC4c2NfcTQwsGUFZbY4MhWnt5","baseKeyType":1,"closed":-1,"used":1750716140483,"created":1750716140483,"remoteIdentityKey":"BSrfwMw/nc5SjBvtxI9hQfhG1kHULL5/tVTmPUtdU6YR"},"_chains":{"Bfvpx6d0ruFdjpRiH4uavT0ktnb/N3xkkoCEp4vqUp1n":{"chainKey":{"counter":0,"key":"2o7Ul3/W+SZ/nn2cEvT3AqcVRrT2M87+pmr5dashKHI="},"chainType":1,"messageKeys":{}}},"pendingPreKey":{"signedKeyId":11,"baseKey":"BRcCZKGyuF9G3VUpYI5RC4c2NfcTQwsGUFZbY4MhWnt5","preKeyId":16206956}}},"version":"v1"}