{"_sessions":{"BSJqEwQp8cpjhunaveV150FDKg0nfAYAu7WNgwJNe8NN":{"registrationId":3111,"currentRatchet":{"ephemeralKeyPair":{"pubKey":"BdafHU+smU8+OuyvAE7oNQf/S8jcp9mqTByiQoWSkOci","privKey":"6CcCtDqIGgwiYhL5v8E+xr0KPn8k4FeIn4IQ88ZDwUY="},"lastRemoteEphemeralKey":"BWjgcj8/FsqXLu8ifaXKJ/BUTEKmT17I9Eca4XCYd9Bd","previousCounter":0,"rootKey":"W8oSpqhzAEVpsMpCGG2Pz0COU4oxGm8IXVDnPLowk8M="},"indexInfo":{"baseKey":"BSJqEwQp8cpjhunaveV150FDKg0nfAYAu7WNgwJNe8NN","baseKeyType":1,"closed":-1,"used":1750716140088,"created":1750716140088,"remoteIdentityKey":"BQ8ls8An99e49AlvE8R30xhuyzL9qE7m3gGS7v9TXC1H"},"_chains":{"BdafHU+smU8+OuyvAE7oNQf/S8jcp9mqTByiQoWSkOci":{"chainKey":{"counter":0,"key":"OKh9kfRlpqABrly2TTGIM+ElK9+2zjESBi0BxCEXzj4="},"chainType":1,"messageKeys":{}}},"pendingPreKey":{"signedKeyId":1,"baseKey":"BSJqEwQp8cpjhunaveV150FDKg0nfAYAu7WNgwJNe8NN"}}},"version":"v1"}