{"_sessions":{"BamA8W0nRMziPNHnR2FdO7qO+eLGcAax0cwzIJABGIlw":{"registrationId":164926032,"currentRatchet":{"ephemeralKeyPair":{"pubKey":"Bfw9A0wTKRhDYMHzKzVMeNE0B4woTI4usIKY/4S9S8Y2","privKey":"QEKDTPSHJF0TIsSfTM5KLScDT+rh57P/JxU1DXv6Nms="},"lastRemoteEphemeralKey":"BeaVW/e0Pn7RUOP2ZRfZXUDCwbhAwWfQVnRqPDktzW5+","previousCounter":0,"rootKey":"AFFfpnaup9Li6SLJYJqyDQ2dlJBhCmGAKwfa2QS0nz0="},"indexInfo":{"baseKey":"BamA8W0nRMziPNHnR2FdO7qO+eLGcAax0cwzIJABGIlw","baseKeyType":1,"closed":-1,"used":1750804967577,"created":1750716140372,"remoteIdentityKey":"Ba1sw6gFxmsTwTA05B2fGS/eKGSq9VViZJH70SZvXEYJ"},"_chains":{"BeaVW/e0Pn7RUOP2ZRfZXUDCwbhAwWfQVnRqPDktzW5+":{"chainKey":{"counter":0,"key":"0wQRlMbL4def4J5W0BDhttD3TVHdHSn3wBlWkebLOlk="},"chainType":2,"messageKeys":{}},"Bfw9A0wTKRhDYMHzKzVMeNE0B4woTI4usIKY/4S9S8Y2":{"chainKey":{"counter":-1,"key":"fLx8lY0xu+vQyC4NKR7TRljBY9rDHRTmINvnZWKHFJY="},"chainType":1,"messageKeys":{}}}}},"version":"v1"}