{"_sessions":{"BXHkrwSmdLmVcn+fzHQtSSYWst6y7PqDoAuh/wv2QmFT":{"registrationId":522201088,"currentRatchet":{"ephemeralKeyPair":{"pubKey":"BSl+1nC/pjiC8RnRFcnmJfpxwOBlJPjQ+IjTMmicdJoZ","privKey":"8EOfAvxXxEo9lf6Dhpu9rW0dFq/qMx9O7GrL7zAlKX8="},"lastRemoteEphemeralKey":"Bbz0ODsbVRmkougFGBtIkFnc2KQxvWkQFW6saa+J1cUQ","previousCounter":0,"rootKey":"fSOFAXaeFmeHLa++tDn+S6FuKsbq/8iLhltIkyT7hjo="},"indexInfo":{"baseKey":"BXHkrwSmdLmVcn+fzHQtSSYWst6y7PqDoAuh/wv2QmFT","baseKeyType":1,"closed":-1,"used":1750716140469,"created":1750716140469,"remoteIdentityKey":"Bf6r9w3nxmcsocAOcDyY8WqpmW7J9dgx2ue5q+1JUYsZ"},"_chains":{"BSl+1nC/pjiC8RnRFcnmJfpxwOBlJPjQ+IjTMmicdJoZ":{"chainKey":{"counter":0,"key":"LTn2oIbKIoIxdMrYZ+Gb4N3wjyCbS+ccSY7ykQ6ipiY="},"chainType":1,"messageKeys":{}}},"pendingPreKey":{"signedKeyId":2,"baseKey":"BXHkrwSmdLmVcn+fzHQtSSYWst6y7PqDoAuh/wv2QmFT","preKeyId":6540224}}},"version":"v1"}