{"_sessions":{"BcikviyFa3HLvUNhsHObCpMaZNjr7Ozih8mMYSch93I0":{"registrationId":328872983,"currentRatchet":{"ephemeralKeyPair":{"pubKey":"BYCGWQeyF4fw7vjy/ht8CL2DBsB7SyCJI5SNOSGm/54s","privKey":"KD62eoifugdDPuci7WtWmQlvWSgLAH3yYV5e+M5Y6ns="},"lastRemoteEphemeralKey":"BQ46oJ/N2GUVBuE2gSyeH2g8Fkc8ZiH7wobfr+Quvo9k","previousCounter":0,"rootKey":"2AL7OXFddLN/6wbsYx2NM3PNNTacIgnRzWN8lbWyIVg="},"indexInfo":{"baseKey":"BcikviyFa3HLvUNhsHObCpMaZNjr7Ozih8mMYSch93I0","baseKeyType":1,"closed":-1,"used":1750716140054,"created":1750716140054,"remoteIdentityKey":"Ban72eSGVyVKBmlpBirAPBkgIoGgrkcArN/tLbJtR+Ab"},"_chains":{"BYCGWQeyF4fw7vjy/ht8CL2DBsB7SyCJI5SNOSGm/54s":{"chainKey":{"counter":0,"key":"r5kvxc8dTnz6Gl1Qsrwi0OwibevEST0EcEn+fjsVdCg="},"chainType":1,"messageKeys":{}}},"pendingPreKey":{"signedKeyId":8,"baseKey":"BcikviyFa3HLvUNhsHObCpMaZNjr7Ozih8mMYSch93I0","preKeyId":103343}}},"version":"v1"}