{"_sessions":{"Bf7niJ7fKuj7tcm6FmO95iSITkQRPqpyRj6AowyARj0C":{"registrationId":1168284293,"currentRatchet":{"ephemeralKeyPair":{"pubKey":"BaUu/UC23niiQydcePWurzfaLrr+5MJteko6x0RgrgZH","privKey":"cPQzgVMjUpvHjlA/S2l1A2UR06Cc4MhlrfzYOu5QhHk="},"lastRemoteEphemeralKey":"BbNdnGsAbhMZxaGZu9BrnT4ALBgYbtjOyCZUKO9+4G9Y","previousCounter":0,"rootKey":"NJFOEnCpsHL+6BVIaUtD2qu+6oo/f97UEgRW4hJJt8k="},"indexInfo":{"baseKey":"Bf7niJ7fKuj7tcm6FmO95iSITkQRPqpyRj6AowyARj0C","baseKeyType":1,"closed":-1,"used":1750716140151,"created":1750716140151,"remoteIdentityKey":"BXQXy34GIE3gRs0O9PDJkaV1XV3yGm+jTCaPutacFxIr"},"_chains":{"BaUu/UC23niiQydcePWurzfaLrr+5MJteko6x0RgrgZH":{"chainKey":{"counter":0,"key":"5bvQaF/ujLegcZEbt8v+vBa8kLZhwGE07M1G2xw7GGU="},"chainType":1,"messageKeys":{}}},"pendingPreKey":{"signedKeyId":6,"baseKey":"Bf7niJ7fKuj7tcm6FmO95iSITkQRPqpyRj6AowyARj0C","preKeyId":7958628}}},"version":"v1"}