{"_sessions":{"Bbgol6mlCf0FZRbnUMSeXVwT9vU1qxOjFUIPJXguwIU9":{"registrationId":190334734,"currentRatchet":{"ephemeralKeyPair":{"pubKey":"BTBtxHCiP/fkeuW1osr0EPdlcJAYy5CmDJESA/KDamJG","privKey":"QIm+2eS9j2w3kTHki5TbUlLLkUERe3ILkfJwddvtkWI="},"lastRemoteEphemeralKey":"Bc1ogj5BcpxyEOQ3bL7AS3duQjrJWMR4T5y11qxs5G4a","previousCounter":0,"rootKey":"t4PieHsmUPXfnQoB9R0d08XFPHoW80xqGMoSEYzoTUM="},"indexInfo":{"baseKey":"Bbgol6mlCf0FZRbnUMSeXVwT9vU1qxOjFUIPJXguwIU9","baseKeyType":1,"closed":-1,"used":1750716140350,"created":1750716140350,"remoteIdentityKey":"BRG916FcD7MnwOU2utUTO4BP44IaMosPmObG0ss2lnli"},"_chains":{"BTBtxHCiP/fkeuW1osr0EPdlcJAYy5CmDJESA/KDamJG":{"chainKey":{"counter":0,"key":"Iujic57Wrn3x+xNwWfRpqaoulTup2HhA23nvSFWtMUs="},"chainType":1,"messageKeys":{}}},"pendingPreKey":{"signedKeyId":0,"baseKey":"Bbgol6mlCf0FZRbnUMSeXVwT9vU1qxOjFUIPJXguwIU9","preKeyId":8482095}}},"version":"v1"}