{"_sessions":{"BXeAAexQxQQD8SAzF647Y36KsHpS0sG1NwK2WfyKELwI":{"registrationId":1961928760,"currentRatchet":{"ephemeralKeyPair":{"pubKey":"BSqGhBtUCkKlub0SAPamAR8W2rErn7h/JadDC/VSQDIb","privKey":"OPleAHZ8qeWenzMvcjgQGwolJxnRWuXdHxn3izOjDFg="},"lastRemoteEphemeralKey":"BZrpg/jLG3fKRDJj3TKWtEgWO7jeAALZEs5RFiYh2GBq","previousCounter":0,"rootKey":"77Q6rU3jHyTDfyp6DcDnwInNRf7VjGcrhA+XT3jb2MI="},"indexInfo":{"baseKey":"BXeAAexQxQQD8SAzF647Y36KsHpS0sG1NwK2WfyKELwI","baseKeyType":1,"closed":-1,"used":1750713257662,"created":1750713257662,"remoteIdentityKey":"BVbcFyciMcSKU1iSZwV0maoyZqfzgcoGDu9PH1B8qXZc"},"_chains":{"BSqGhBtUCkKlub0SAPamAR8W2rErn7h/JadDC/VSQDIb":{"chainKey":{"counter":1,"key":"mhrN2TZPHYPfl8iAjecQUOi8UN8qQaFtiE+tMG1Hs9s="},"chainType":1,"messageKeys":{}}},"pendingPreKey":{"signedKeyId":14533075,"baseKey":"BXeAAexQxQQD8SAzF647Y36KsHpS0sG1NwK2WfyKELwI","preKeyId":7585}}},"version":"v1"}