{"_sessions":{"BaWkJ59JELbR3ZJ79zGDS1vsl+nZzyzNlHzVhwhHQlEy":{"registrationId":2070165887,"currentRatchet":{"ephemeralKeyPair":{"pubKey":"BYQmPyX9Zvg+bUcjEdWwSeJjWCA7NqdYT5OEE/KQvXBx","privKey":"4BcyH4JqvpsA6YEYNLEF9GR1W0Zt8jBcFlXri4Off3Q="},"lastRemoteEphemeralKey":"BTUrb9v6OPmHPqN2zGukB/T7Sb2ogtg7ygLkFgoYSQB4","previousCounter":0,"rootKey":"u06r6PYOjvG5jhZHgqQg3qSkIp9gETKZtF4J5vM6jI0="},"indexInfo":{"baseKey":"BaWkJ59JELbR3ZJ79zGDS1vsl+nZzyzNlHzVhwhHQlEy","baseKeyType":1,"closed":-1,"used":1750716140316,"created":1750716140316,"remoteIdentityKey":"Beoj1FnXhhix+Z89+WSWl1c1mMXCw1K8QWdJDxfBXNMR"},"_chains":{"BYQmPyX9Zvg+bUcjEdWwSeJjWCA7NqdYT5OEE/KQvXBx":{"chainKey":{"counter":0,"key":"V4TnAcD70Q8FxlLgojYJJoQDQY4tcLhGeexwLhY8W8I="},"chainType":1,"messageKeys":{}}},"pendingPreKey":{"signedKeyId":7,"baseKey":"BaWkJ59JELbR3ZJ79zGDS1vsl+nZzyzNlHzVhwhHQlEy","preKeyId":2833460}}},"version":"v1"}