{"_sessions":{"BRiiyzizzsGbsULBNxlDIHZoKz1H0xRqcN4emxhiMGY0":{"registrationId":1318148845,"currentRatchet":{"ephemeralKeyPair":{"pubKey":"BYwiZqAcaNjB0AV7vHFbmi2T2d2BURymlQ+wih+1BVM2","privKey":"GJgsCpqPCdgcixmFRz7Hn4RSfKNY+1jbFDLcEo8jmmU="},"lastRemoteEphemeralKey":"BbYN+M7QeKQbqv13TIHc0F3CEWGnowAw6suPKHK7rYdB","previousCounter":0,"rootKey":"8L1jx5r9FlhdNRfUBk6kkUFXS7RnUR4t/ZVP/AfDwM4="},"indexInfo":{"baseKey":"BRiiyzizzsGbsULBNxlDIHZoKz1H0xRqcN4emxhiMGY0","baseKeyType":1,"closed":-1,"used":1750803263962,"created":1750716140424,"remoteIdentityKey":"BaKD62s75q2J6vG6mxwQDjKmhV5aT2AO4Y7XqWOsjNEF"},"_chains":{"BbYN+M7QeKQbqv13TIHc0F3CEWGnowAw6suPKHK7rYdB":{"chainKey":{"counter":0,"key":"zX2CVVJvQ91l+mL6OraU7soqLiDMK+6Pk/xxXLriu9c="},"chainType":2,"messageKeys":{}},"BYwiZqAcaNjB0AV7vHFbmi2T2d2BURymlQ+wih+1BVM2":{"chainKey":{"counter":-1,"key":"LtHU3Ox9Asxk2kSY4Op1lnFZ+Y6aD72PtYkrsWF29Fo="},"chainType":1,"messageKeys":{}}}}},"version":"v1"}