{"_sessions":{"BQ/unJ8rkum7mimoDK2lHS0/lh7LQu8LNctkL3L/3FdC":{"registrationId":2050171799,"currentRatchet":{"ephemeralKeyPair":{"pubKey":"BY2ZLJcafyqEHb9pELaQkQSnLC7/rXQf70n4zUWYc7YK","privKey":"UMkFhkOz7iBE7KtMD7cQqLI5rsaoZgYsOGU1qGlGAnA="},"lastRemoteEphemeralKey":"BdXFRkxHQ4MCnbC15rV2BxbSSDDdcDCY7QGhG+cXQeth","previousCounter":0,"rootKey":"wYNe3bA98jNr+coCI1EetnMVaguoaN12o1IC8FCncCo="},"indexInfo":{"baseKey":"BQ/unJ8rkum7mimoDK2lHS0/lh7LQu8LNctkL3L/3FdC","baseKeyType":1,"closed":-1,"used":1750716140463,"created":1750716140463,"remoteIdentityKey":"BVnyHn0JYl5gJ56EqaKdAdDpCS0GxGpbQndooTz7khca"},"_chains":{"BY2ZLJcafyqEHb9pELaQkQSnLC7/rXQf70n4zUWYc7YK":{"chainKey":{"counter":0,"key":"xXqmLKYHRSJBYjOR68uuHCuPv38JAshpJivRspyTmb8="},"chainType":1,"messageKeys":{}}},"pendingPreKey":{"signedKeyId":0,"baseKey":"BQ/unJ8rkum7mimoDK2lHS0/lh7LQu8LNctkL3L/3FdC","preKeyId":654955}}},"version":"v1"}