{"_sessions":{"Bd2l+laKeIq3IDcCLCNrX7yM63wgu0UCvdE/tnIBSZtY":{"registrationId":544257181,"currentRatchet":{"ephemeralKeyPair":{"pubKey":"BWUP0HbX5EpMewJYJlhnc5mtfm2qWB9C0kPj5XTi5OQL","privKey":"gEV3SJFUoLpOnGqXxc4aZQUj7gcA/NpcchcTxT4ZD24="},"lastRemoteEphemeralKey":"BfCORaXDCfrOZGRn+5X9xH3HpHyS8kZSi1Sn/l/58LNy","previousCounter":0,"rootKey":"K9jcumyy6/BXN8B7JonFWJbmBL7R9RJserxCRbHi5us="},"indexInfo":{"baseKey":"Bd2l+laKeIq3IDcCLCNrX7yM63wgu0UCvdE/tnIBSZtY","baseKeyType":1,"closed":-1,"used":1750716140365,"created":1750716140365,"remoteIdentityKey":"Bc45xTDunITjhUcc8E33nHX27ZSenfBsK7sm6eOmW8RD"},"_chains":{"BWUP0HbX5EpMewJYJlhnc5mtfm2qWB9C0kPj5XTi5OQL":{"chainKey":{"counter":0,"key":"KnYHhBsQxnjYfpBEntxpZUPWGWLFFlfVmdV1tEvUFyE="},"chainType":1,"messageKeys":{}}},"pendingPreKey":{"signedKeyId":16,"baseKey":"Bd2l+laKeIq3IDcCLCNrX7yM63wgu0UCvdE/tnIBSZtY","preKeyId":717260}}},"version":"v1"}