{"_sessions":{"BTGVjU9NiEx/qiJfdh5ZwtpkvVecAdSqefy9aebaDdk8":{"registrationId":8719,"currentRatchet":{"ephemeralKeyPair":{"pubKey":"BVquhLAft+SPd71rIluP8197tegmjGGAf8oDcbjX4swT","privKey":"+FEOc2lW1I1OWtIh2y+aUbGCRl3tgDT4Fqacl8QadVw="},"lastRemoteEphemeralKey":"BXm5fISTcYjAgT84FBhehYWcgNNOdjwQAnmfJkWv+9Qa","previousCounter":0,"rootKey":"KZc/uRkl2CxWmA51+RsSndFBxGOXLvAWffAIPPOzbOk="},"indexInfo":{"baseKey":"BTGVjU9NiEx/qiJfdh5ZwtpkvVecAdSqefy9aebaDdk8","baseKeyType":1,"closed":-1,"used":1750713257536,"created":1750713257536,"remoteIdentityKey":"BcSTJ9wFPr94nYh+zGW9DEnmINP+dJWG94kBrITXRicB"},"_chains":{"BVquhLAft+SPd71rIluP8197tegmjGGAf8oDcbjX4swT":{"chainKey":{"counter":1,"key":"mgAkeBVPTWhslU3MOMcTdx+L7s/60dAg6gwaTS9zC5c="},"chainType":1,"messageKeys":{}}},"pendingPreKey":{"signedKeyId":3,"baseKey":"BTGVjU9NiEx/qiJfdh5ZwtpkvVecAdSqefy9aebaDdk8"}}},"version":"v1"}