{"_sessions":{"BfmkIYIOOVgfTSaPm66yP7cxG7yYwo6MvrKGJvwF3QxI":{"registrationId":691612055,"currentRatchet":{"ephemeralKeyPair":{"pubKey":"BWvMEymRRnSUiI0LJVVTVOMAMUqsNBFpL0jQ1jtqTsl0","privKey":"kBMGnQmnQyWnUFG5T6xJmuJ8WQK9F3f91CandJSc0lA="},"lastRemoteEphemeralKey":"Bd03Aw8nFbIPxUU8AVMedouJ+GapSE+JhyqoF7Tcnpww","previousCounter":0,"rootKey":"QeYNVhJzqDjdgEJ4499C7wCbUVhTp0qxiWyLkXYS2Ac="},"indexInfo":{"baseKey":"BfmkIYIOOVgfTSaPm66yP7cxG7yYwo6MvrKGJvwF3QxI","baseKeyType":1,"closed":-1,"used":1750716140176,"created":1750716140176,"remoteIdentityKey":"Bb3lIqeLlvXm7R8ui+H8vjz2XJIKuhDZhP2ekbWeAihM"},"_chains":{"BWvMEymRRnSUiI0LJVVTVOMAMUqsNBFpL0jQ1jtqTsl0":{"chainKey":{"counter":0,"key":"uAy5paZg1M9B5v0dD15SRHEAoCWIG+WdZqtyov7WooA="},"chainType":1,"messageKeys":{}}},"pendingPreKey":{"signedKeyId":9,"baseKey":"BfmkIYIOOVgfTSaPm66yP7cxG7yYwo6MvrKGJvwF3QxI","preKeyId":5624151}}},"version":"v1"}