{"_sessions":{"Be1A1AOsmqoN7WEoIpp1iQ3YtVbFvh1T1+U1thAQJGwv":{"registrationId":817167321,"currentRatchet":{"ephemeralKeyPair":{"pubKey":"BdcRrR3MBfIw9grQl+/K8Sa3woxFgNZYhiKhmc8cUuxd","privKey":"yJSASIKws1qYGGGx4oaN85yebyRjicID8k6a/uuAW28="},"lastRemoteEphemeralKey":"Ba9CFOM8bNELOGqBaK7tXrIaC8RcJNemKqy8flOPgvZB","previousCounter":0,"rootKey":"09wa/EU0UaLn1rmBKs03iLs0Z6Rj6Vcntyz5e041GCE="},"indexInfo":{"baseKey":"Be1A1AOsmqoN7WEoIpp1iQ3YtVbFvh1T1+U1thAQJGwv","baseKeyType":1,"closed":-1,"used":1750716140216,"created":1750716140216,"remoteIdentityKey":"BSOpryPH3uZ079ETj2SVI/tomsLv6yEuX9s1/r6VSHBf"},"_chains":{"BdcRrR3MBfIw9grQl+/K8Sa3woxFgNZYhiKhmc8cUuxd":{"chainKey":{"counter":0,"key":"WBiWk9Kk1DZYZGkUOKqY+Gqs67TAqQO3dxlVy3JgshE="},"chainType":1,"messageKeys":{}}},"pendingPreKey":{"signedKeyId":1,"baseKey":"Be1A1AOsmqoN7WEoIpp1iQ3YtVbFvh1T1+U1thAQJGwv","preKeyId":13802051}}},"version":"v1"}