{"_sessions":{"BYrzlvcl3wtT1oKEnz0W0PrTd5cS3LlGENOzf8E3+utz":{"registrationId":445,"currentRatchet":{"ephemeralKeyPair":{"pubKey":"BWNrh/wiCrKofj/f0OTV17Pziaz2mxM72yecedpPFvMo","privKey":"iHDlZGMwNOnRGfmdJc8R6jw6G72l4SHXtd6pmzgjtEs="},"lastRemoteEphemeralKey":"BaNoSKWKlHcEjRJJUL5vrJyWebJU938G6R+AyDlBUp1b","previousCounter":0,"rootKey":"Zx29AUkWwtkP0lLyY2dgYRV7gFASWoCJi70/z+GXR/I="},"indexInfo":{"baseKey":"BYrzlvcl3wtT1oKEnz0W0PrTd5cS3LlGENOzf8E3+utz","baseKeyType":1,"closed":-1,"used":1750716140023,"created":1750716140023,"remoteIdentityKey":"BeesCV5ycZqgmbDBMZ8cIdHJzs/r+lGTqYpSdC1FTjNH"},"_chains":{"BWNrh/wiCrKofj/f0OTV17Pziaz2mxM72yecedpPFvMo":{"chainKey":{"counter":0,"key":"TBDsTqo0j9br4vSkqOkDN3fPIoA6mJ8EXmxohkIVIVM="},"chainType":1,"messageKeys":{}}},"pendingPreKey":{"signedKeyId":1,"baseKey":"BYrzlvcl3wtT1oKEnz0W0PrTd5cS3LlGENOzf8E3+utz","preKeyId":785}}},"version":"v1"}