{"_sessions":{"Bf11v1CCKBmSk5e5v1mziG2yweju35alLPxYET/s5zIE":{"registrationId":533214254,"currentRatchet":{"ephemeralKeyPair":{"pubKey":"Bbkbz2LLh0lDVaGc3sdi52KG0twA7w1QLam27sFFa94Z","privKey":"uI1yue/ab68WDA788VhOJ+W8pddO0Qf5YQJnfPbDOnA="},"lastRemoteEphemeralKey":"BbB5/VMU60xzHrhNo5TDAALaFBducOird4lkBQSxPwsr","previousCounter":0,"rootKey":"iAfqiQjU8/adXyTPguc6mkx4HBeIgq4Y903ipni6Xok="},"indexInfo":{"baseKey":"Bf11v1CCKBmSk5e5v1mziG2yweju35alLPxYET/s5zIE","baseKeyType":1,"closed":-1,"used":1750713257636,"created":1750713257636,"remoteIdentityKey":"BXjyUhIAuy26nSSi7LwN9T4PUdTVHppMA2cufW+Eju0z"},"_chains":{"Bbkbz2LLh0lDVaGc3sdi52KG0twA7w1QLam27sFFa94Z":{"chainKey":{"counter":1,"key":"6wsOkEHHCCh9upe5A7J6ESoDBrGgQTSsA2qdoc8jvsQ="},"chainType":1,"messageKeys":{}}},"pendingPreKey":{"signedKeyId":1,"baseKey":"Bf11v1CCKBmSk5e5v1mziG2yweju35alLPxYET/s5zIE"}}},"version":"v1"}