{"_sessions":{"BZaYQMe6+iWuCWZVVTYjqF2C8IilJeKoAdPZvokn5/sZ":{"registrationId":1620773007,"currentRatchet":{"ephemeralKeyPair":{"pubKey":"BRmdR4yb5zp098KNvCdEbneNlRZToHKZ/4v131rRDB4W","privKey":"yFI9VjVGpv46vySVIqxYPupdwPqBBusTm1hIAwuMJno="},"lastRemoteEphemeralKey":"BQsOkYRnPfe9dTVVvLxT/rVfZzON9dRfFvlG09CJIY1K","previousCounter":0,"rootKey":"BB+qiHJ3+pwRUrW7MHkWGbg7Ih9r3e+R0GeVlx4PcNE="},"indexInfo":{"baseKey":"BZaYQMe6+iWuCWZVVTYjqF2C8IilJeKoAdPZvokn5/sZ","baseKeyType":1,"closed":-1,"used":1750713257631,"created":1750713257631,"remoteIdentityKey":"BfmdTUU56iHMWY4qQl27LrccHTyhtfCOFmhLBh8kFnxe"},"_chains":{"BRmdR4yb5zp098KNvCdEbneNlRZToHKZ/4v131rRDB4W":{"chainKey":{"counter":1,"key":"s6sKPX7J3YdXsDXTAK5wwpzyYnT4sy8Jf2pnK3MgHkU="},"chainType":1,"messageKeys":{}}},"pendingPreKey":{"signedKeyId":1,"baseKey":"BZaYQMe6+iWuCWZVVTYjqF2C8IilJeKoAdPZvokn5/sZ","preKeyId":3291}}},"version":"v1"}