{"_sessions":{"BfH8+xSmASF9RUUCDiZS3VQWsRZhxt7gXM/Z9yu10Ldw":{"registrationId":359219917,"currentRatchet":{"ephemeralKeyPair":{"pubKey":"BTsM3XFncujJD6mua0a8xrhoJl5eZ2/+WXvvLTdABrQC","privKey":"EOkIaACmQ4f2bU3v118n7jH98tc7OupdN6KaDuJP1UA="},"lastRemoteEphemeralKey":"BYgS0ddhw/1ALiHW4aI2NM6yL5Pa20sj59qEAiPitWA4","previousCounter":0,"rootKey":"S+o++zSRO823Q4b8R60oA0z4y032bRxfH2n9uLdyi4w="},"indexInfo":{"baseKey":"BfH8+xSmASF9RUUCDiZS3VQWsRZhxt7gXM/Z9yu10Ldw","baseKeyType":2,"closed":-1,"used":1750829438385,"created":1750713001671,"remoteIdentityKey":"Be1unL3O/WvbhdIUlcAPluGgYpAKf/7rzi1ETY48pJ82"},"_chains":{"BX663i4E7ISm9pj8qd4XoLqzmGe27NnKBlnoIcwPA4M9":{"chainKey":{"counter":2},"chainType":2,"messageKeys":{}},"BVQ1NQaVPqWZiY9jIwERtTHySNN3XyghHJb8UxPPh4Aj":{"chainKey":{"counter":0},"chainType":2,"messageKeys":{}},"BR3loMT0ktavemyXwi8jB3lH2jE6JAbYnft+JG/vmTI6":{"chainKey":{"counter":1},"chainType":2,"messageKeys":{}},"Be1bf3Py42TeEM7wuKdD+dplR09Sawv1nEnnXxwFegR1":{"chainKey":{"counter":0},"chainType":2,"messageKeys":{}},"BcxZqjRDwqRQTRl/7+NVF7r4dSd3N6PZPeXYKbsofHhe":{"chainKey":{"counter":3},"chainType":2,"messageKeys":{"1":"if38PVAUH/abQBKF7p4lhisdsK59VVMg/rA/praNqNM="}},"BYgS0ddhw/1ALiHW4aI2NM6yL5Pa20sj59qEAiPitWA4":{"chainKey":{"counter":4,"key":"uo9bRDgcJ7m7iYbEjnG+du6L+Ntyxy45c5sDYMqlISM="},"chainType":2,"messageKeys":{}},"BTsM3XFncujJD6mua0a8xrhoJl5eZ2/+WXvvLTdABrQC":{"chainKey":{"counter":-1,"key":"ugU1SFeB7AnhaMDso6m20nZdk/wq4PvJ03gV5j8QVdI="},"chainType":1,"messageKeys":{}}}}},"version":"v1"}