{"_sessions":{"BXRQERjpqWLABZqPRqixN1Qs2ERFlmeJN9QIwhDribtY":{"registrationId":768551549,"currentRatchet":{"ephemeralKeyPair":{"pubKey":"BYlxe4QG+KwGBToWFNbRYYW5MsYOTmhWHdtipV6EJtUw","privKey":"0I0eROkJ2h/0kwqW80Y6PnCNRPDI9ctoUOfXjXanWX8="},"lastRemoteEphemeralKey":"BeNTMz2lt0Huvgc7oUfD/OEIU7qMgtHu5JC9nn1oMr9Y","previousCounter":0,"rootKey":"+2YVq50tSwlwz2mTzeObD8rZvk6DSo/qB/W/fysKHyA="},"indexInfo":{"baseKey":"BXRQERjpqWLABZqPRqixN1Qs2ERFlmeJN9QIwhDribtY","baseKeyType":1,"closed":-1,"used":1750716140520,"created":1750716140520,"remoteIdentityKey":"BUBoNtXh6ljyoHbFrQqKbolVkMoWJrjupR/aUcIMADAp"},"_chains":{"BYlxe4QG+KwGBToWFNbRYYW5MsYOTmhWHdtipV6EJtUw":{"chainKey":{"counter":0,"key":"ZtqiUhHvC5lSNMPf9WsZt3PtOzI58SbWxCNlvS+moSo="},"chainType":1,"messageKeys":{}}},"pendingPreKey":{"signedKeyId":7,"baseKey":"BXRQERjpqWLABZqPRqixN1Qs2ERFlmeJN9QIwhDribtY","preKeyId":787058}}},"version":"v1"}