{"_sessions":{"BS5h38dDOcs500sv+YxscVEww0cquSfPLmCwzASOOf8s":{"registrationId":7371,"currentRatchet":{"ephemeralKeyPair":{"pubKey":"BQNFBCmWDuqOF0OTe2wsm4xvhmajqav2X14Kx8kKcYw5","privKey":"UHd1mqxEfDzpn06vSti12ocBkHyjw2wD4M47HXvt7nc="},"lastRemoteEphemeralKey":"BcAYIpKpWlkgQ/iMvOWf4K79xJnZTOYdQqhbKUJvtO0Q","previousCounter":0,"rootKey":"aBouDH75r/4F6F0EA5N56kpA7QHFtAOcQpDbsPFSSZ0="},"indexInfo":{"baseKey":"BS5h38dDOcs500sv+YxscVEww0cquSfPLmCwzASOOf8s","baseKeyType":1,"closed":-1,"used":1750716140117,"created":1750716140117,"remoteIdentityKey":"BSqfwy9VDNP53wPSxON22VHqwI3sE+jNhs/kq83yiANc"},"_chains":{"BQNFBCmWDuqOF0OTe2wsm4xvhmajqav2X14Kx8kKcYw5":{"chainKey":{"counter":0,"key":"lw9a2dW6NEbd/GSxYZJFxbyFDE4UQFo9sprb/hUWh2k="},"chainType":1,"messageKeys":{}}},"pendingPreKey":{"signedKeyId":1,"baseKey":"BS5h38dDOcs500sv+YxscVEww0cquSfPLmCwzASOOf8s"}}},"version":"v1"}