{"_sessions":{"BfdDKzC9D6gMXgFNCmUk0B2oWYFUWav57jLfNhtuCRlV":{"registrationId":513834470,"currentRatchet":{"ephemeralKeyPair":{"pubKey":"BRjW7q1UOKOdibBzvlyuEIS0J6dn59ZvTGGr8rixuipQ","privKey":"MMJclYdgCtltaINT6CxU1P9hJQlrJIUMSNWL1mYdhW0="},"lastRemoteEphemeralKey":"BXF60EyVv1gD4GDlXCWZlCX82U9akWE2K4Ab6iysWAR2","previousCounter":0,"rootKey":"PWfXGc7mgJ6Q79ziWAJrkaeOg668YBqUn/KDMn13fk4="},"indexInfo":{"baseKey":"BfdDKzC9D6gMXgFNCmUk0B2oWYFUWav57jLfNhtuCRlV","baseKeyType":2,"closed":-1,"used":1750712575704,"created":1750712575704,"remoteIdentityKey":"BXsSKCZ3X9EGCIr2lQx4XC27J+n+W+ndTATek3jEups/"},"_chains":{"BXF60EyVv1gD4GDlXCWZlCX82U9akWE2K4Ab6iysWAR2":{"chainKey":{"counter":7,"key":"5lyFkKvLw0VFjeRdPuC7s1yv9Oxfj5+CVyEiFCp77qU="},"chainType":2,"messageKeys":{}},"BRjW7q1UOKOdibBzvlyuEIS0J6dn59ZvTGGr8rixuipQ":{"chainKey":{"counter":4,"key":"stuz8k03gYseUkY0UWiVomrghjzdMnr7BbmSKWx1pto="},"chainType":1,"messageKeys":{}}}}},"version":"v1"}