{"_sessions":{"BaSL/1dC8nQ9BSGFkJD+YeMsx5mfg1w9cEFpz9nlgi5m":{"registrationId":844412596,"currentRatchet":{"ephemeralKeyPair":{"pubKey":"BTrS6tbCMIO9mlwFYXVeWhYRXIugyTPnHBl1A8hXcioq","privKey":"SI4mgoDm235yVx2jem+UeuZifIJzylE3FgIIKL87ImQ="},"lastRemoteEphemeralKey":"BT7Ly7GhECmyA9Gg/+clNem4V7zuYbolwtw1J38Em7MU","previousCounter":0,"rootKey":"tDpBsUQzpa8FS8pstLP33Ofj5IP65fM4QdZCxJ+pn80="},"indexInfo":{"baseKey":"BaSL/1dC8nQ9BSGFkJD+YeMsx5mfg1w9cEFpz9nlgi5m","baseKeyType":1,"closed":-1,"used":1750775928414,"created":1750713257686,"remoteIdentityKey":"BRZBFIv/wV2SW46UOKhlpR7kFG6Aqi12qGQXxKaf+CZk"},"_chains":{"BVKbB/T1gncelhjnQ8MnIqOaaSAKm959SJMI1IvdI4V2":{"chainKey":{"counter":0},"chainType":2,"messageKeys":{}},"BT7Ly7GhECmyA9Gg/+clNem4V7zuYbolwtw1J38Em7MU":{"chainKey":{"counter":0,"key":"Jj1qgvctq1MR16HRX1Nw4K7fZVnGomsZNXz1k2RiWy8="},"chainType":2,"messageKeys":{}},"BTrS6tbCMIO9mlwFYXVeWhYRXIugyTPnHBl1A8hXcioq":{"chainKey":{"counter":-1,"key":"oJHNdpwSaAMWAv2gmDnGmOWYb8fnB6pfjMEjGIBLBZc="},"chainType":1,"messageKeys":{}}}}},"version":"v1"}