{"_sessions":{"BcD2iO6lxxz4IxVB6PU2QlFF5zelNPkhMMROHHNGoiU8":{"registrationId":777626387,"currentRatchet":{"ephemeralKeyPair":{"pubKey":"Bej5IORKaDhGjaoNVnhnUT1xync1fyFcFgDUeV87bBtP","privKey":"oMOvqe1GL7g1qyLUgtoAIS6HW0GdW1Mzn4fY6qvqIGw="},"lastRemoteEphemeralKey":"BY/JHWjpmqqo5xLsetgrdOYJ4XhhXbeewfDjIR4A7vtm","previousCounter":0,"rootKey":"2B7aqJnM3aFdMIzzIG2OwtVbOWjduq50aGnYqofTYmY="},"indexInfo":{"baseKey":"BcD2iO6lxxz4IxVB6PU2QlFF5zelNPkhMMROHHNGoiU8","baseKeyType":1,"closed":-1,"used":1750713966822,"created":1750713931947,"remoteIdentityKey":"Be1CMQAHyM37FKdJH1lxsRNWqqbj2FYEAKEZleVyvoZL"},"_chains":{"BY/JHWjpmqqo5xLsetgrdOYJ4XhhXbeewfDjIR4A7vtm":{"chainKey":{"counter":0,"key":"qiyojkOC+t5fVJBDcIy0rnPXvkzpkCndb/0QXBC8HVE="},"chainType":2,"messageKeys":{}},"Bej5IORKaDhGjaoNVnhnUT1xync1fyFcFgDUeV87bBtP":{"chainKey":{"counter":-1,"key":"A9xk4hsUytw52fYxUICNSjwx7fqiDeafwLhQSedNSZk="},"chainType":1,"messageKeys":{}}}}},"version":"v1"}