{"_sessions":{"BSDyTWOwm7bI1BMkzWn6a8dtV/9kJB8x66cSUY2hJMAl":{"registrationId":1720864872,"currentRatchet":{"ephemeralKeyPair":{"pubKey":"BdJOCYinECeqbd8OSENgJiAdNNspROwTSkeXYFUG1OIP","privKey":"wJel2WlsmQzQkDxHFr2HkpkL0E/2RZckOaLCdjxJ53E="},"lastRemoteEphemeralKey":"BbaKkMx+zYBhRGMsBwHKgmrryageeVmN2F2WJFFxJPln","previousCounter":0,"rootKey":"n8d8ZN+qHfSTpieHUZX6BCPkD9ibeTyto0rf+83AH6I="},"indexInfo":{"baseKey":"BSDyTWOwm7bI1BMkzWn6a8dtV/9kJB8x66cSUY2hJMAl","baseKeyType":1,"closed":-1,"used":1750716140453,"created":1750716140453,"remoteIdentityKey":"BV6orRzveu68ZacGWTO/xwlJWEi2InHoOfiT7pRpp+Am"},"_chains":{"BdJOCYinECeqbd8OSENgJiAdNNspROwTSkeXYFUG1OIP":{"chainKey":{"counter":0,"key":"/70loydFKW+RcP5Wdk4DCwAEak9FccoBrYBCM93Iusg="},"chainType":1,"messageKeys":{}}},"pendingPreKey":{"signedKeyId":18,"baseKey":"BSDyTWOwm7bI1BMkzWn6a8dtV/9kJB8x66cSUY2hJMAl","preKeyId":14166279}}},"version":"v1"}