{"_sessions":{"BUFa/6ycJ0kiZmMLf71PXSHSry60YwvvHhzCvzm+nbIf":{"registrationId":1362395354,"currentRatchet":{"ephemeralKeyPair":{"pubKey":"BYs8S9Yr6S2MDWF3L513rqBllAipFTJNNA267aT5ltR5","privKey":"mBgxKM9f4IxCIyYcw39TVpR2QMWVK8KPqDKdAhbTPmA="},"lastRemoteEphemeralKey":"BVykx0l74NmszNSfiNYcKfpKtQw5X7eR6l2UKBXsapYe","previousCounter":0,"rootKey":"tw2eEhtcqHHDef9LEjM3L/X5RpfLdrSS/oT17zCXvmI="},"indexInfo":{"baseKey":"BUFa/6ycJ0kiZmMLf71PXSHSry60YwvvHhzCvzm+nbIf","baseKeyType":1,"closed":-1,"used":1750716140557,"created":1750716140557,"remoteIdentityKey":"BZzOnIWBbGbRruWiA321livq64Y4WBwS+REaJDMJudd4"},"_chains":{"BYs8S9Yr6S2MDWF3L513rqBllAipFTJNNA267aT5ltR5":{"chainKey":{"counter":0,"key":"AKyO214uLaJWj0NUei5RPVxXJFEFH8e0uksKcWLOo5c="},"chainType":1,"messageKeys":{}}},"pendingPreKey":{"signedKeyId":1,"baseKey":"BUFa/6ycJ0kiZmMLf71PXSHSry60YwvvHhzCvzm+nbIf","preKeyId":12016500}}},"version":"v1"}