{"_sessions":{"BczxPiDc2VtJdlTgo9+9zfneOLM6YD4fxi7ntahxVyB5":{"registrationId":1679731229,"currentRatchet":{"ephemeralKeyPair":{"pubKey":"BSTMBmFF/9tenhlUXwkdcE79PMMCJt2ZWn4VGjqPH8Qp","privKey":"GDOyZylgCM+8KDvfITNqQMmz30HOXoNcVpv+k8ZWDUg="},"lastRemoteEphemeralKey":"BUKLhcMBCRsqfHPri/w0adPzPeAGa3pUe7DCmA89Xd1V","previousCounter":0,"rootKey":"RQTSER5ZUnvI9Si7K2vIm6MvXM6SgA+yIYvqHlDJJWM="},"indexInfo":{"baseKey":"BczxPiDc2VtJdlTgo9+9zfneOLM6YD4fxi7ntahxVyB5","baseKeyType":1,"closed":-1,"used":1750716140436,"created":1750716140436,"remoteIdentityKey":"BedViqvOalrz+tXhLhphDJS+i/KfyR9pYC9sW6lUS0BB"},"_chains":{"BSTMBmFF/9tenhlUXwkdcE79PMMCJt2ZWn4VGjqPH8Qp":{"chainKey":{"counter":0,"key":"Z1j2/YvnO4Vkt8NFvY8v2gI0PhbKVUBqN2yX3PPq5Pg="},"chainType":1,"messageKeys":{}}},"pendingPreKey":{"signedKeyId":6,"baseKey":"BczxPiDc2VtJdlTgo9+9zfneOLM6YD4fxi7ntahxVyB5","preKeyId":2829076}}},"version":"v1"}