{"_sessions":{"BRjawojqlVDJXIPgcJ2DSSn9Q5gqQ3/A5y9paoN0lNA2":{"registrationId":257840641,"currentRatchet":{"ephemeralKeyPair":{"pubKey":"BVuvZfFxF8sM9nH72CZloMyGE2sC6KKxeOlmdTFzw5xJ","privKey":"aOxP6qfee2ltxHaBwf7ATKTO6B+tinNv8lwawTRmQm8="},"lastRemoteEphemeralKey":"Bb2nZfzavw4cX31RYrP3uCe+yq5Kmz/o3xcihyQFOSch","previousCounter":0,"rootKey":"t4gEwPoaShMXx+q3YipLFtvm4OW0IONIr2SQcPYQV94="},"indexInfo":{"baseKey":"BRjawojqlVDJXIPgcJ2DSSn9Q5gqQ3/A5y9paoN0lNA2","baseKeyType":1,"closed":-1,"used":1750713257643,"created":1750713257643,"remoteIdentityKey":"BZr8XZB/d47DpcegWgOzGFmwL6Ti5UlfnQ3Rwm6CwsgL"},"_chains":{"BVuvZfFxF8sM9nH72CZloMyGE2sC6KKxeOlmdTFzw5xJ":{"chainKey":{"counter":1,"key":"i6OGlhJ3+KRViZJwD0m/g4y9YDWt478d3MBfLPh3gw0="},"chainType":1,"messageKeys":{}}},"pendingPreKey":{"signedKeyId":12,"baseKey":"BRjawojqlVDJXIPgcJ2DSSn9Q5gqQ3/A5y9paoN0lNA2","preKeyId":3080}}},"version":"v1"}