{"_sessions":{"BTPZps11QpkvzxnRzvc1S+kaX2wlVRmMkdBEotrYFgVv":{"registrationId":370732466,"currentRatchet":{"ephemeralKeyPair":{"pubKey":"BaoArh5/r90J1Oby7hFiiOBB/S6mtWEsUDv7zeQ49Wdf","privKey":"mKvwBmhSFIxu1Tj4pjfuHBo2Nita9BQPAVo4zD2482E="},"lastRemoteEphemeralKey":"BccCoDuV1FUtoSoU/fNxMXTR8BGUccep+yaGJxEO17pO","previousCounter":0,"rootKey":"0Xqqlmaews5mgikEsLKmtmcNRc9giiSZLxV1q+EgTxU="},"indexInfo":{"baseKey":"BTPZps11QpkvzxnRzvc1S+kaX2wlVRmMkdBEotrYFgVv","baseKeyType":1,"closed":-1,"used":1750716140430,"created":1750716140430,"remoteIdentityKey":"BcNUQk6zz7vwKQRYmvOBvUve3v+v6qssZl5Rasc1Al0x"},"_chains":{"BaoArh5/r90J1Oby7hFiiOBB/S6mtWEsUDv7zeQ49Wdf":{"chainKey":{"counter":0,"key":"2+efV9v5A5Jx72iHVJH3Pge6wccmrJ/bV7ttT+jrACk="},"chainType":1,"messageKeys":{}}},"pendingPreKey":{"signedKeyId":4,"baseKey":"BTPZps11QpkvzxnRzvc1S+kaX2wlVRmMkdBEotrYFgVv","preKeyId":15776765}}},"version":"v1"}