{"_sessions":{"BZMJPKrbjVBlNdJ3yhTzU8yO56fAN00lCxE5ekRPwLVx":{"registrationId":707482264,"currentRatchet":{"ephemeralKeyPair":{"pubKey":"BbYBOOPlqaUphdnBf56aD8faq7oCSFZczFl83K0FIKFX","privKey":"gBk5S2H6eQtxOf3iotar6lKWMqofjUoy88VHWo9Vq38="},"lastRemoteEphemeralKey":"BfJDU1uMuDLM3gmmmuDIVK/sJYOw0lSKfp8UMkXX7Z5n","previousCounter":0,"rootKey":"MPdFByyDd5d1z1bDtuNJb6P2xKny95AuBdmXrimiaes="},"indexInfo":{"baseKey":"BZMJPKrbjVBlNdJ3yhTzU8yO56fAN00lCxE5ekRPwLVx","baseKeyType":1,"closed":-1,"used":1750716140129,"created":1750716140129,"remoteIdentityKey":"BexQKTO5SivWeMxaliTCgoyYcY9fQtfHhQbr6+fLKJIo"},"_chains":{"BbYBOOPlqaUphdnBf56aD8faq7oCSFZczFl83K0FIKFX":{"chainKey":{"counter":0,"key":"sj8GiTbsxifHaaC8UwmksVHaG6AKKLZg8rEdW8JZADA="},"chainType":1,"messageKeys":{}}},"pendingPreKey":{"signedKeyId":2,"baseKey":"BZMJPKrbjVBlNdJ3yhTzU8yO56fAN00lCxE5ekRPwLVx","preKeyId":551683}}},"version":"v1"}