{"_sessions":{"BfUAnohRV0cGPRNJ+cfhzmkvGrU43iPcIqGp/HStY+cv":{"registrationId":1128848492,"currentRatchet":{"ephemeralKeyPair":{"pubKey":"BZFys1NjYXjhzAjfPPr3fVXaPxfW5iyi9ThKwgOoZV8C","privKey":"8GVwtBQGx0xKNFWZgG11wDtM5Xy7k/DSY5O1lZ6bQV4="},"lastRemoteEphemeralKey":"BZC5NBCVG2ocfZXs1eOeQRcUVEhEnlDHqwMeigz/XyBx","previousCounter":0,"rootKey":"N8Wa3r1mq7Qck0AOeuAWHRIJfBX2T7I+2OGpM6Ujyzg="},"indexInfo":{"baseKey":"BfUAnohRV0cGPRNJ+cfhzmkvGrU43iPcIqGp/HStY+cv","baseKeyType":1,"closed":-1,"used":1750713257620,"created":1750713257620,"remoteIdentityKey":"BdUPlvGtALY5kpOyhOR6n1dmkmTl/PSbWgqQGxnGW5EY"},"_chains":{"BZFys1NjYXjhzAjfPPr3fVXaPxfW5iyi9ThKwgOoZV8C":{"chainKey":{"counter":1,"key":"w1m5SfpMgSCEWjiUIyyp3vyQefNneIV93JHhFI9EGv4="},"chainType":1,"messageKeys":{}}},"pendingPreKey":{"signedKeyId":1,"baseKey":"BfUAnohRV0cGPRNJ+cfhzmkvGrU43iPcIqGp/HStY+cv","preKeyId":10215}}},"version":"v1"}