{"_sessions":{"BQKJ6rHS3HGQhta/b7egFM/bCEifAvhFcE9M58B02Il9":{"registrationId":1331143477,"currentRatchet":{"ephemeralKeyPair":{"pubKey":"BZLLIy/pFYyaqydD2ahCJVa9Q+QEZo0nwAxE3+eMNh9e","privKey":"cOUemzP1XJWib0tTSUxNgTY4kPrxcew0AARpr4cZk1s="},"lastRemoteEphemeralKey":"BbhvcgjUIgz1Qn+OVNhVsbgpXHa8eHWkb6rHmX3m2IUD","previousCounter":0,"rootKey":"WH6CdDF0AAF1Fg5+d+k3sM7ZSBVRGIysuv0WBKZ/BdY="},"indexInfo":{"baseKey":"BQKJ6rHS3HGQhta/b7egFM/bCEifAvhFcE9M58B02Il9","baseKeyType":1,"closed":-1,"used":1750857327602,"created":1750713257680,"remoteIdentityKey":"BdObW+m26aEucK5nYm/vsEPJIAVKXxxI/m7UyZ7Cwbkb"},"_chains":{"BUwO9pNKiV2Kp5mTXmHMpLiG7Dr81lKKhO/jYvEpXoku":{"chainKey":{"counter":1},"chainType":2,"messageKeys":{}},"BbhvcgjUIgz1Qn+OVNhVsbgpXHa8eHWkb6rHmX3m2IUD":{"chainKey":{"counter":3,"key":"Aq6lVcUAeK/6y+WXc95b+juHzcmtNkX01MWezKjgxYA="},"chainType":2,"messageKeys":{}},"BZLLIy/pFYyaqydD2ahCJVa9Q+QEZo0nwAxE3+eMNh9e":{"chainKey":{"counter":-1,"key":"0+ed4+DQy0YWt312MFYoXd6+Vs3jpJw5Rm3mLP5kW/A="},"chainType":1,"messageKeys":{}}}}},"version":"v1"}