{"_sessions":{"BQ1ix42yBG9nrTMj5111piTxKaPz7KSgl4+rIbmPrx81":{"registrationId":2082048911,"currentRatchet":{"ephemeralKeyPair":{"pubKey":"BbE3A4MqphS08rolfseIDQv9j/7kIKS/mpnOnkuKNWsv","privKey":"yPBn0pJBXtTI+b/P/Ka1XEYenD8SWuIOi6J0qqxF2Uc="},"lastRemoteEphemeralKey":"BSV7qvfPYFsJhif3qYCsz09QJIitpEdy6Nl9R37nqhkI","previousCounter":0,"rootKey":"0ul+54dtrvhl9LA7r2KfsRIxkRRKZ9MCHS5XA2ux4sU="},"indexInfo":{"baseKey":"BQ1ix42yBG9nrTMj5111piTxKaPz7KSgl4+rIbmPrx81","baseKeyType":1,"closed":-1,"used":1750713257668,"created":1750713257668,"remoteIdentityKey":"Bffr81+MspDL4fJShsSfiCcQYeq3N8Jch8RVK32iuD0U"},"_chains":{"BbE3A4MqphS08rolfseIDQv9j/7kIKS/mpnOnkuKNWsv":{"chainKey":{"counter":0,"key":"hoz6GzVtBrvzaQ71/ClEsumxe27VXmo0jZcB0E2ebao="},"chainType":1,"messageKeys":{}}},"pendingPreKey":{"signedKeyId":28,"baseKey":"BQ1ix42yBG9nrTMj5111piTxKaPz7KSgl4+rIbmPrx81","preKeyId":16519494}}},"version":"v1"}