{"_sessions":{"BeQ6UD/q1pM20xXWC4x33uxw1R6X4/E3oCJdNdsNutJl":{"registrationId":466512395,"currentRatchet":{"ephemeralKeyPair":{"pubKey":"Bao240knrrzQ/Yb5SQKOY/kCIm2xYjGonZ4wM7HWGeN6","privKey":"APy4nuGTFYcW2vGFE7y/ZX7z7XNwDuldeUh59s/a0Xk="},"lastRemoteEphemeralKey":"BSLeGBsyMdnBfmE4/uBj/Z005NzmlDm6WJTaH4A7kMdM","previousCounter":1,"rootKey":"UgyWQMckbJ557wIH0wJz6a1/lngAckwxTYR0FV5xJcw="},"indexInfo":{"baseKey":"BeQ6UD/q1pM20xXWC4x33uxw1R6X4/E3oCJdNdsNutJl","baseKeyType":2,"closed":-1,"used":1750857105316,"created":1750713001638,"remoteIdentityKey":"BatJUkkIG4Ixn03y6u44/0DBPb1pTjM4A93R5M0zWcBy"},"_chains":{"BX2Fcv/KkYbjIX9VpbypKE3rNU/iIK1Ze5nS9urqAo82":{"chainKey":{"counter":0},"chainType":2,"messageKeys":{}},"BSLeGBsyMdnBfmE4/uBj/Z005NzmlDm6WJTaH4A7kMdM":{"chainKey":{"counter":2,"key":"K1CsXiXn5GeMMXvCvJfT2EOmbWAuqW8Ok1EZj7J9//k="},"chainType":2,"messageKeys":{}},"Bao240knrrzQ/Yb5SQKOY/kCIm2xYjGonZ4wM7HWGeN6":{"chainKey":{"counter":-1,"key":"nNClVHCp5apGRSb+kUkQOumDvLy7/W6ANkJmT/fxIcQ="},"chainType":1,"messageKeys":{}}}}},"version":"v1"}