{"_sessions":{"BUCoU4+CaVVSJIy/0kI1Zmr1E7ULohgqP4LaTsUisYUs":{"registrationId":360477751,"currentRatchet":{"ephemeralKeyPair":{"pubKey":"BVpfiOgq0oNK+xwPzZtqsbtd9kwv1/9CaCRFJv/Brx1l","privKey":"6MapzYHBKP4SEaE5vRAtwsJDUscrixw4iUNKZFVBLWA="},"lastRemoteEphemeralKey":"BdCYhd3c9Xt9Zh4SbnK0a5qugAB+iUidr7l5HDWZM01E","previousCounter":0,"rootKey":"2Vov8Jz4CChe4/wy2HU37QlMCQ7NEubXTHDFCP5IIVo="},"indexInfo":{"baseKey":"BUCoU4+CaVVSJIy/0kI1Zmr1E7ULohgqP4LaTsUisYUs","baseKeyType":1,"closed":-1,"used":1750716140546,"created":1750716140546,"remoteIdentityKey":"BeEBRp7Bw3IKtsY6SR9nHMwQXJDC9BHRn1U8l9gQxjFv"},"_chains":{"BVpfiOgq0oNK+xwPzZtqsbtd9kwv1/9CaCRFJv/Brx1l":{"chainKey":{"counter":0,"key":"tlg53P+lPuVDZsQa0RMaMNaJyrnGZxic7m2K/X5o174="},"chainType":1,"messageKeys":{}}},"pendingPreKey":{"signedKeyId":8,"baseKey":"BUCoU4+CaVVSJIy/0kI1Zmr1E7ULohgqP4LaTsUisYUs","preKeyId":178592}}},"version":"v1"}