{"_sessions":{"BRJyDxhvV19vuslkuEV3EkO7qtrrhZ6u98YNFJTRo20X":{"registrationId":1651303233,"currentRatchet":{"ephemeralKeyPair":{"pubKey":"BZ9x+BDeZ/X04wHS9Cvvz3p5Rjyv3th/ec6ehpoRXZJY","privKey":"iCxj8FSnon1+/ZWgkseA4KNHj8nmWlXYceExggiAcGQ="},"lastRemoteEphemeralKey":"BUUBVyipAOS5ypSLOk+W99hvIhD7OJUVnLgnzdGATjF0","previousCounter":0,"rootKey":"SniVNk/Fp3Ev9+Pclv2UGIM+RmSEaAw/qNAvjwvXXBg="},"indexInfo":{"baseKey":"BRJyDxhvV19vuslkuEV3EkO7qtrrhZ6u98YNFJTRo20X","baseKeyType":1,"closed":-1,"used":1750716140034,"created":1750716140034,"remoteIdentityKey":"BfaydfdvJ/0juiHuNx6An8RrWbA4H+OnI0KXBQ2uc8JN"},"_chains":{"BZ9x+BDeZ/X04wHS9Cvvz3p5Rjyv3th/ec6ehpoRXZJY":{"chainKey":{"counter":0,"key":"eycBniVO+A8DIw6fhKgaVJc3HnWy6F01nybhkQEcZ6A="},"chainType":1,"messageKeys":{}}},"pendingPreKey":{"signedKeyId":1,"baseKey":"BRJyDxhvV19vuslkuEV3EkO7qtrrhZ6u98YNFJTRo20X","preKeyId":561}}},"version":"v1"}