{"_sessions":{"BemvH/trLvcvNUft30AhIvh3qPf6n4Jp0DURrvmZ/IN1":{"registrationId":1961218217,"currentRatchet":{"ephemeralKeyPair":{"pubKey":"BbvCBHltugqVTdCxR/JSQrmvVl5r7qu1M9MyNVdXGfdJ","privKey":"wFymIb2GUnrG9xT90H9bNvNNPzI7Ix9sqEaQl9Wp+V4="},"lastRemoteEphemeralKey":"BWacPbuCvMsLS4FaoI3koY6LEJTJ/GbWxupVD6i1PiR8","previousCounter":0,"rootKey":"GDnji9hUDaKcp2ZxvXEE8n8eSf2Za+9chg/gALvNq2I="},"indexInfo":{"baseKey":"BemvH/trLvcvNUft30AhIvh3qPf6n4Jp0DURrvmZ/IN1","baseKeyType":1,"closed":-1,"used":1750716140188,"created":1750716140188,"remoteIdentityKey":"BUU8zX3nyzgzcmYiBIkAkFqUSYNGcIgpjRy3R+oNUi8O"},"_chains":{"BbvCBHltugqVTdCxR/JSQrmvVl5r7qu1M9MyNVdXGfdJ":{"chainKey":{"counter":0,"key":"Ob4roqEI+qZJv7R8MVjGI7Sk0gjwkkeT8lqQfA+L/GA="},"chainType":1,"messageKeys":{}}},"pendingPreKey":{"signedKeyId":15,"baseKey":"BemvH/trLvcvNUft30AhIvh3qPf6n4Jp0DURrvmZ/IN1","preKeyId":3742988}}},"version":"v1"}