{"_sessions":{"Bckmk6d4YREL/pN1RDbFOt5bN406y3yVH0FscLlcv9Me":{"registrationId":8471,"currentRatchet":{"ephemeralKeyPair":{"pubKey":"BU/kdMnDnj55DYLV5+psoOBeBvdYDe0AJaBEBrbfnBtT","privKey":"6MjBkllbzqg3wR7h6QATU2gyNq6ZAr+0bBxDRFBuRlQ="},"lastRemoteEphemeralKey":"BcwF9l0yFIe7hLP7u+O5FhUXg1sdvgN7gUyBm7RYW6ke","previousCounter":0,"rootKey":"gFMxjc/UG61fOdPZheTnCcpZLsTA6iciR7A1JF24Z8s="},"indexInfo":{"baseKey":"Bckmk6d4YREL/pN1RDbFOt5bN406y3yVH0FscLlcv9Me","baseKeyType":1,"closed":-1,"used":1750716140012,"created":1750716140012,"remoteIdentityKey":"BbfcjWRCaiFhdz9gWoiKQ+o2HwMTn6dD81HKw9afYjwR"},"_chains":{"BU/kdMnDnj55DYLV5+psoOBeBvdYDe0AJaBEBrbfnBtT":{"chainKey":{"counter":0,"key":"pAiQgDPjGdLlHJD3TP21B/8HyUmbAz0yZqfrq2rYsBo="},"chainType":1,"messageKeys":{}}},"pendingPreKey":{"signedKeyId":1,"baseKey":"Bckmk6d4YREL/pN1RDbFOt5bN406y3yVH0FscLlcv9Me","preKeyId":78}}},"version":"v1"}