{"_sessions":{"BSsiDUZWqPuKp8AN8fcV27L3V4uvtorci8k4mCLE5/15":{"registrationId":1460,"currentRatchet":{"ephemeralKeyPair":{"pubKey":"BWOWRF0c4+GddN0ac1ghCMyE05w4IjTOb00jE7ghjpRO","privKey":"ADsnOFlvMo6rUbrBjQdwHwWyNqioo4MvY4VLdk4ZD1Q="},"lastRemoteEphemeralKey":"BS7An7wgZyqSvJk3mp4ACIXHMvDyPdbnGhnkiZqoEQ0r","previousCounter":0,"rootKey":"3ZweBKiTHzPDdACvHMqipn4Cs/W55Ancc7gw5WUE6ps="},"indexInfo":{"baseKey":"BSsiDUZWqPuKp8AN8fcV27L3V4uvtorci8k4mCLE5/15","baseKeyType":1,"closed":-1,"used":1750713257582,"created":1750713257582,"remoteIdentityKey":"BYWirA4FZR3dMMvvGPaI8s/ji8O4nBCu9p9cvthPb7dV"},"_chains":{"BWOWRF0c4+GddN0ac1ghCMyE05w4IjTOb00jE7ghjpRO":{"chainKey":{"counter":0,"key":"wdqwuQsxKl6JLJfXYQlOLmPff8XHSraW37JO1QXeYGg="},"chainType":1,"messageKeys":{}}},"pendingPreKey":{"signedKeyId":1,"baseKey":"BSsiDUZWqPuKp8AN8fcV27L3V4uvtorci8k4mCLE5/15"}}},"version":"v1"}