{"_sessions":{"BUrnOQJbxN589UDslsl1KB0HiT++sQMplwOBzPvkSiI+":{"registrationId":1651751945,"currentRatchet":{"ephemeralKeyPair":{"pubKey":"BafVBXtGrPbMgKreF7ukaskgmeSbdM8PXVYpUgkUuWFF","privKey":"iBCgt6SixmyEJSuWAQDBYqtSR9nkIQTiLZ7okEmq40s="},"lastRemoteEphemeralKey":"BWcI3iq24ea5KHP4mva+HJC5M+9FuxPXxGAl5VR1TgMJ","previousCounter":0,"rootKey":"9Y/evmoCSKhe15h/S+KgXSR8pwExpzss8+a0TtWM50E="},"indexInfo":{"baseKey":"BUrnOQJbxN589UDslsl1KB0HiT++sQMplwOBzPvkSiI+","baseKeyType":1,"closed":-1,"used":1750716140563,"created":1750716140563,"remoteIdentityKey":"BQPAVq9lNPy9SVZrov4hjjNNNgdJM3UW6MdPtIgO891V"},"_chains":{"BafVBXtGrPbMgKreF7ukaskgmeSbdM8PXVYpUgkUuWFF":{"chainKey":{"counter":0,"key":"kEWk1dmAYAjUOJuOou3iMwOyuLqDC+IUWGDqgiZdYW0="},"chainType":1,"messageKeys":{}}},"pendingPreKey":{"signedKeyId":3,"baseKey":"BUrnOQJbxN589UDslsl1KB0HiT++sQMplwOBzPvkSiI+","preKeyId":16351282}}},"version":"v1"}