{"_sessions":{"BQgJH1xAAy+OyJvzg6klExmPsVS8ChUXIawVh7+vOrFX":{"registrationId":1598927688,"currentRatchet":{"ephemeralKeyPair":{"pubKey":"BTMu2PpnTLJFyn5w/P6ZQ/MhNiaDXSh8Cg/S1PyVnTJk","privKey":"8MNUibd6+suuFqyJhv1APNMMmYmEY4CiiWT2Z6Q0TEY="},"lastRemoteEphemeralKey":"BfRuxRERB5yN1doBXXSVhSvG2y3DUcO3u6LmUO/nb5Zm","previousCounter":0,"rootKey":"Z2k7uzPnPSCv4rPlpHZDqb78Ooc+eIFfvmSsz5dKgfk="},"indexInfo":{"baseKey":"BQgJH1xAAy+OyJvzg6klExmPsVS8ChUXIawVh7+vOrFX","baseKeyType":1,"closed":-1,"used":1750716140329,"created":1750716140329,"remoteIdentityKey":"BSuN95z4kGm8AOxyKuc5koiN0hgHJ/+zhDqzJgmU8hFS"},"_chains":{"BTMu2PpnTLJFyn5w/P6ZQ/MhNiaDXSh8Cg/S1PyVnTJk":{"chainKey":{"counter":0,"key":"/1H4kDE3wYFAC7NEKM6LLFPUl6uUArEJqOK+cNFsyL0="},"chainType":1,"messageKeys":{}}},"pendingPreKey":{"signedKeyId":11,"baseKey":"BQgJH1xAAy+OyJvzg6klExmPsVS8ChUXIawVh7+vOrFX","preKeyId":8086116}}},"version":"v1"}