{"_sessions":{"BW+dJQvrVvb22KV2iSVNhDWn2VstVk5+Ny+Wxyy/QYcH":{"registrationId":1138585356,"currentRatchet":{"ephemeralKeyPair":{"pubKey":"BZxOE+3vyErzT85EykMQtzBgAGK3IHS6Be3hH2+7R8EC","privKey":"+FZOrupoNCHvM7MP1KMFBgQnYdmlYW8dFVIN8FXnXG0="},"lastRemoteEphemeralKey":"BVsftWSDh7W28QwayiyYKTaJrKzbofrqW2q9mF6hI/sq","previousCounter":0,"rootKey":"AEi06umeGeKI0H8/OFVQrZVG8KXBVfOiZD7VrRVw7R8="},"indexInfo":{"baseKey":"BW+dJQvrVvb22KV2iSVNhDWn2VstVk5+Ny+Wxyy/QYcH","baseKeyType":1,"closed":-1,"used":1750716140083,"created":1750716140083,"remoteIdentityKey":"BWoKKIgl1d4Caj80edXVkQihWn2rfcSZduWo7RfBdeJF"},"_chains":{"BZxOE+3vyErzT85EykMQtzBgAGK3IHS6Be3hH2+7R8EC":{"chainKey":{"counter":0,"key":"lTXG522iIsJmhBEAUS0VgXB38dUcLH+d6beaEKyDnAg="},"chainType":1,"messageKeys":{}}},"pendingPreKey":{"signedKeyId":1,"baseKey":"BW+dJQvrVvb22KV2iSVNhDWn2VstVk5+Ny+Wxyy/QYcH","preKeyId":889}}},"version":"v1"}