{"_sessions":{"Beeqc8tDLO7wA/r1LTItygLt5mqvj08XzbmVhGQJNuh5":{"registrationId":1883364738,"currentRatchet":{"ephemeralKeyPair":{"pubKey":"BTJfEctHYcI+B5JtBRaCD9FxfnFaQ811+GIhLzbUr5gY","privKey":"uBh7c8+uZ5/Wy1jUhI/6vbxD/4eYIBx99QVXh+iRPlY="},"lastRemoteEphemeralKey":"BS3av3Xu1OoRplKXNDUx38MBx3bFqO5pk9puHZBrDP1N","previousCounter":0,"rootKey":"Jk/x6EzoxX6H3DM48qQSm6eMSOGcle5pH/kS3mSY1RQ="},"indexInfo":{"baseKey":"Beeqc8tDLO7wA/r1LTItygLt5mqvj08XzbmVhGQJNuh5","baseKeyType":1,"closed":-1,"used":1750716139994,"created":1750716139994,"remoteIdentityKey":"BaKEzuoGzdBqFIKGfxzcSU2CLSGrhtEIZH8AEgF7VXhD"},"_chains":{"BTJfEctHYcI+B5JtBRaCD9FxfnFaQ811+GIhLzbUr5gY":{"chainKey":{"counter":0,"key":"9xVwZN2Lg7VSairDeT2Jq/kEgSju4H4v7JVfXMCfoa4="},"chainType":1,"messageKeys":{}}},"pendingPreKey":{"signedKeyId":1,"baseKey":"Beeqc8tDLO7wA/r1LTItygLt5mqvj08XzbmVhGQJNuh5","preKeyId":8755875}}},"version":"v1"}