{"_sessions":{"Be3loBuo1O+PpIAk5ajROV4697npJLU+zRt2rUm5h05P":{"registrationId":1819867159,"currentRatchet":{"ephemeralKeyPair":{"pubKey":"BX4RR81UlgNzZBhaMqxDyq0zaV7bh/x8ZECDY7I38lFg","privKey":"yMKWpqJ8n37Tp3QX+D+J2vPi1ftZ9+CSiF0FZzUTtH8="},"lastRemoteEphemeralKey":"BbClYOwFdjzAY3D+pzMN0kF0fxetqX8GzDaXSJqSjihf","previousCounter":0,"rootKey":"tneQtUQKOXgVJLKw/m0aax9fNRP7vO0gsaFF6IjJFTg="},"indexInfo":{"baseKey":"Be3loBuo1O+PpIAk5ajROV4697npJLU+zRt2rUm5h05P","baseKeyType":1,"closed":-1,"used":1750716140222,"created":1750716140222,"remoteIdentityKey":"BUlqivt60AJW1r/3JXhoDuvb5XnriuodjGcpsiG/vh59"},"_chains":{"BX4RR81UlgNzZBhaMqxDyq0zaV7bh/x8ZECDY7I38lFg":{"chainKey":{"counter":0,"key":"+CbtOyanLtmLuMekM6dBD47L7YjFW3/grj323Rlr2uw="},"chainType":1,"messageKeys":{}}},"pendingPreKey":{"signedKeyId":2,"baseKey":"Be3loBuo1O+PpIAk5ajROV4697npJLU+zRt2rUm5h05P","preKeyId":16074777}}},"version":"v1"}