{"_sessions":{"BTU4iRQZ6ndqSGCElAH+Q3aBz1mvDS3nCkWYbU7H4UNe":{"registrationId":14145,"currentRatchet":{"ephemeralKeyPair":{"pubKey":"BRspMZ6TLKAV6Z+RpCWX4OMqJ2PLl135U/xrpSHk7ZtT","privKey":"CFv5s+m9sjFvI2zUsyv/Y27DoYELx5cJrB4eoSBXrEI="},"lastRemoteEphemeralKey":"BfAAsNoBnTT4HImEyMHRZaNu6O11HbQprUnTE0k1h5Ua","previousCounter":0,"rootKey":"zKwy/FifRWLBKyiGTSwcobsWTJCwtBV3EJrh3GAWx8I="},"indexInfo":{"baseKey":"BTU4iRQZ6ndqSGCElAH+Q3aBz1mvDS3nCkWYbU7H4UNe","baseKeyType":1,"closed":-1,"used":1750716140072,"created":1750716140072,"remoteIdentityKey":"BSn7DpW93Nsb4N82XescMZtnFe2iZby9kcCJtxdzYGR3"},"_chains":{"BRspMZ6TLKAV6Z+RpCWX4OMqJ2PLl135U/xrpSHk7ZtT":{"chainKey":{"counter":0,"key":"yZ+ai5BQ0x/3HdMBg6DspNqRuElgw1mVBtK1drnf5s8="},"chainType":1,"messageKeys":{}}},"pendingPreKey":{"signedKeyId":1,"baseKey":"BTU4iRQZ6ndqSGCElAH+Q3aBz1mvDS3nCkWYbU7H4UNe"}}},"version":"v1"}