{"_sessions":{"BaP6ZtmOXZf9qkaHtvnI1VsBu2nHLYA1uNDK2mY7Oiwr":{"registrationId":418430841,"currentRatchet":{"ephemeralKeyPair":{"pubKey":"BaUw1ks8ZEdmGEf4Ggq9PGsdkI0Icla5y94seW0JyjI0","privKey":"wKKewWcOToIph85ySsNr+esBFBy0fkwnhgH6RWxi11I="},"lastRemoteEphemeralKey":"BfaR7pFbLn+2W1YA9c4TtHq4wyTD0jjuXGVNH+OIq0gr","previousCounter":1,"rootKey":"CCr82c9uTafoVzmuJAPI3DaZYnumFW6K53WyyjsET9A="},"indexInfo":{"baseKey":"BaP6ZtmOXZf9qkaHtvnI1VsBu2nHLYA1uNDK2mY7Oiwr","baseKeyType":2,"closed":-1,"used":1750778638996,"created":1750713001453,"remoteIdentityKey":"BRUhc5pfNh+djjJYW57TBc1fulo5DUvXoTaeUKXBjwMn"},"_chains":{"BX22PLgbyanRfGLwZ9X6LHiuwJab3jbJ1+2Br3U7Ex9F":{"chainKey":{"counter":0},"chainType":2,"messageKeys":{}},"BfaR7pFbLn+2W1YA9c4TtHq4wyTD0jjuXGVNH+OIq0gr":{"chainKey":{"counter":0,"key":"T43jCr2S/B0dyEs0CJ6YOgqXwl9rFWXbgy0lqrpxiTc="},"chainType":2,"messageKeys":{}},"BaUw1ks8ZEdmGEf4Ggq9PGsdkI0Icla5y94seW0JyjI0":{"chainKey":{"counter":-1,"key":"QdTqgM1H4X1/ZNK0UjTfr+TbAwD/YA//h8H69Lfvrhw="},"chainType":1,"messageKeys":{}}}}},"version":"v1"}