{"_sessions":{"BS/QtqR+jfFQ1FTDv4wtIGMRJ9dYcwICX7+Rrng0Ul97":{"registrationId":310656185,"currentRatchet":{"ephemeralKeyPair":{"pubKey":"BWK7eqJtA8QmGhZqJnUVVnFMv90uihw8NlRcYwi4E8Fh","privKey":"ABxByXjYQs4TYaEwmpoWvXa/gfGjG4eB5AujJknyg2k="},"lastRemoteEphemeralKey":"BQAnBpoCH7H/Z92Oa3da85n4qhdJunRl9ghHvhtNWR5U","previousCounter":0,"rootKey":"no3gUPXs3riS+hcTM6P4RcokIhPROIyRtKfaYPDPbnc="},"indexInfo":{"baseKey":"BS/QtqR+jfFQ1FTDv4wtIGMRJ9dYcwICX7+Rrng0Ul97","baseKeyType":1,"closed":-1,"used":1750716140228,"created":1750716140228,"remoteIdentityKey":"BVuA+V7pM8SLpqa9F0Ul+LCRZomfoWf9jZBdegmW09Jc"},"_chains":{"BWK7eqJtA8QmGhZqJnUVVnFMv90uihw8NlRcYwi4E8Fh":{"chainKey":{"counter":0,"key":"+ZjgXwT78gMsMNR5JcmwS8TtmX5+yveM1mwmbScd8ao="},"chainType":1,"messageKeys":{}}},"pendingPreKey":{"signedKeyId":6,"baseKey":"BS/QtqR+jfFQ1FTDv4wtIGMRJ9dYcwICX7+Rrng0Ul97","preKeyId":9888979}}},"version":"v1"}