{"_sessions":{"BcJ4DMoWeqnIlgFofa8Emd/9eRPzG0Xx3bA9aVTw6ih3":{"registrationId":8775,"currentRatchet":{"ephemeralKeyPair":{"pubKey":"BYscTRH4bsHFkhYv0XE7AvASI/n7Nh6qKCiLDdGWcAsX","privKey":"UDqqtwBhmeJKcQXtRziVnkksNjjsmsIf5QfNfpiFxmM="},"lastRemoteEphemeralKey":"BZ4/RstPfQGvgxGTtG6G5SMLwIWVuHO8hdMZ/tj4EKYq","previousCounter":0,"rootKey":"StXRQIIUeGQcJyj50idyvU8o1zwobugUm8No3F4hDL4="},"indexInfo":{"baseKey":"BcJ4DMoWeqnIlgFofa8Emd/9eRPzG0Xx3bA9aVTw6ih3","baseKeyType":1,"closed":-1,"used":1750713257624,"created":1750713257624,"remoteIdentityKey":"BfPUt5Jnva+d2vD0ZWnPF7w4sc677iluh1BVU3vTl90e"},"_chains":{"BYscTRH4bsHFkhYv0XE7AvASI/n7Nh6qKCiLDdGWcAsX":{"chainKey":{"counter":1,"key":"f3rpp93YCt5cncGkhxk+e1oXkSPE5SK5D+2u6MBlhhw="},"chainType":1,"messageKeys":{}}},"pendingPreKey":{"signedKeyId":1,"baseKey":"BcJ4DMoWeqnIlgFofa8Emd/9eRPzG0Xx3bA9aVTw6ih3"}}},"version":"v1"}