{"_sessions":{"BYwOqNRaqycQoeudXeHMvVwCygglAimWYL7fk9jsjtQC":{"registrationId":403607269,"currentRatchet":{"ephemeralKeyPair":{"pubKey":"BRY0ebxhs3SwCXQyVXhsjv+8nkAoiDi35knqQDJfy1hW","privKey":"iG6PXg2N1gwVc+Vf9iBJSAglg+4GwNqnZFw5XN6MdnQ="},"lastRemoteEphemeralKey":"BW0AjfGUYzLBzLwnusqEGOpYDgMLTI+dsy2lLA5msvwz","previousCounter":0,"rootKey":"sOjaKgwoy1cHcWLRX90Gl24d0aQMDmXl/EOu+gTYc8E="},"indexInfo":{"baseKey":"BYwOqNRaqycQoeudXeHMvVwCygglAimWYL7fk9jsjtQC","baseKeyType":1,"closed":-1,"used":1750716140388,"created":1750716140388,"remoteIdentityKey":"BVqMxwwJS0LLUSNq8sgD5us5h8qlLrwEBnxFbxg3uzRc"},"_chains":{"BRY0ebxhs3SwCXQyVXhsjv+8nkAoiDi35knqQDJfy1hW":{"chainKey":{"counter":0,"key":"QOLCG+fimNBQS6/1qJqUip+0eUn9eilzOfZdPSnmO9w="},"chainType":1,"messageKeys":{}}},"pendingPreKey":{"signedKeyId":9,"baseKey":"BYwOqNRaqycQoeudXeHMvVwCygglAimWYL7fk9jsjtQC","preKeyId":15429934}}},"version":"v1"}