{"_sessions":{"BUlC+W+0B91HiHnVMHcuhi8jy3W5G8t+72bLstkf8Gcy":{"registrationId":1135267148,"currentRatchet":{"ephemeralKeyPair":{"pubKey":"BV2CJh9CI1dbuaYhGECFpBU7GB16VXsjox2GgL+5+AsY","privKey":"kKm/A7kWGbWp0ZxaDPHTqIffS/08SgOpgxUS7UvJZks="},"lastRemoteEphemeralKey":"BR5Up8h4MxJ8UVy1HVkbpeei7mgIporFA+B/diFnWeBQ","previousCounter":0,"rootKey":"pqCV4RLKLOU9xPJzE42gYDt2U6ZVL5CA7LKyKI7FG0U="},"indexInfo":{"baseKey":"BUlC+W+0B91HiHnVMHcuhi8jy3W5G8t+72bLstkf8Gcy","baseKeyType":1,"closed":-1,"used":1750716140170,"created":1750716140170,"remoteIdentityKey":"Bcc3duoifvPz+Tugzm29k/CfBZFFx6Fga+LlpI4wN0U3"},"_chains":{"BV2CJh9CI1dbuaYhGECFpBU7GB16VXsjox2GgL+5+AsY":{"chainKey":{"counter":0,"key":"TcTqAVDms2NuHPEyyhst6dCgnOZR+rKgNz5E3Wc5hug="},"chainType":1,"messageKeys":{}}},"pendingPreKey":{"signedKeyId":2,"baseKey":"BUlC+W+0B91HiHnVMHcuhi8jy3W5G8t+72bLstkf8Gcy","preKeyId":10007607}}},"version":"v1"}