{"_sessions":{"BSsMVs4RZ0zbpq16o2x8fuQ0nPxKNOHuROD/3nRRNf9N":{"registrationId":1366354660,"currentRatchet":{"ephemeralKeyPair":{"pubKey":"BYsydiYvNpIsKuDHfeKqflAht5bPP/qkPAi1GCZpNGoY","privKey":"qDg+ppfLCPB6oMWhfT2/M6wdX1o3q0INeI38MKlh0XM="},"lastRemoteEphemeralKey":"BUxV+BtPoQG6iPybDbdfDNam7qCnU42cyqKTDkNks1R+","previousCounter":0,"rootKey":"qqdy2Hq3HU8FoKzMGlXUpt549IfDqdTtjDOcp/661lQ="},"indexInfo":{"baseKey":"BSsMVs4RZ0zbpq16o2x8fuQ0nPxKNOHuROD/3nRRNf9N","baseKeyType":1,"closed":-1,"used":1750716140182,"created":1750716140182,"remoteIdentityKey":"BY4L8U5dMZCoAwcdLK8qPl+bqel8CYxTejF/lZu0uj9G"},"_chains":{"BYsydiYvNpIsKuDHfeKqflAht5bPP/qkPAi1GCZpNGoY":{"chainKey":{"counter":0,"key":"ZCGjbnfI5DYL/EQGTBiC8SMFp4fRCPyg1bNzcFbSBMQ="},"chainType":1,"messageKeys":{}}},"pendingPreKey":{"signedKeyId":4,"baseKey":"BSsMVs4RZ0zbpq16o2x8fuQ0nPxKNOHuROD/3nRRNf9N","preKeyId":14404812}}},"version":"v1"}