{"_sessions":{"BSGtoCge6G9f5R1OKdEvHgso/WKOkzgUMo3bv0a7qc18":{"registrationId":724547702,"currentRatchet":{"ephemeralKeyPair":{"pubKey":"BZXNpqaBNdhUE2KQ+k/CEMHRIlLtSczoyTLohnpl9ygG","privKey":"6N5YeXyB3lq3FXQOkzyTX4S2AXiLfR1375b1rqkOB28="},"lastRemoteEphemeralKey":"BZIPiSz+LlZewZ37FiakEx/zRnDaQTC4Nnz9jlQ3vWV/","previousCounter":0,"rootKey":"vIMOBm/YeNM/3WcsSxmeHUSku8sMLV6mcV2n1Ya49TQ="},"indexInfo":{"baseKey":"BSGtoCge6G9f5R1OKdEvHgso/WKOkzgUMo3bv0a7qc18","baseKeyType":1,"closed":-1,"used":1750716140277,"created":1750716140277,"remoteIdentityKey":"BZWiaPuSdHkM7JRLRCxjMYHYS1X3MC5MfAq52JoFVEVg"},"_chains":{"BZXNpqaBNdhUE2KQ+k/CEMHRIlLtSczoyTLohnpl9ygG":{"chainKey":{"counter":0,"key":"5usbveMGuDHdk5t5lLACnqTC8DeADgbkz1Tpjx3RRtY="},"chainType":1,"messageKeys":{}}},"pendingPreKey":{"signedKeyId":2,"baseKey":"BSGtoCge6G9f5R1OKdEvHgso/WKOkzgUMo3bv0a7qc18"}}},"version":"v1"}