{"_sessions":{"BetiXmpDqX4g1GR82aowy4B6Osl3Y3toyhIJAzSCeXpz":{"registrationId":9522,"currentRatchet":{"ephemeralKeyPair":{"pubKey":"BWETHE6SRNaWvHs2SBtX/u9rvM/VejUvN2ZeFi4CEatP","privKey":"wFk/otGFZzJTUECOKkLKsQGL7XOdhW7oRrSSH6K46V4="},"lastRemoteEphemeralKey":"BfqPb1EkcTnqtQRIRODV6M3vWMST87a32Rz3WQR/pboy","previousCounter":0,"rootKey":"mm/MVe3/xL6SDXHu8TJGwkKizj0ERj0fAv3WRaHdfYE="},"indexInfo":{"baseKey":"BetiXmpDqX4g1GR82aowy4B6Osl3Y3toyhIJAzSCeXpz","baseKeyType":1,"closed":-1,"used":1750787280204,"created":1750787280204,"remoteIdentityKey":"BUyfbluslfNrHtK/gP92UFVRYHAR2mtLZeePHW5Zm4Y6"},"_chains":{"BWETHE6SRNaWvHs2SBtX/u9rvM/VejUvN2ZeFi4CEatP":{"chainKey":{"counter":0,"key":"lpjPPSeBejA1aNJxxuK8+Nm+eu67hRXLYOSOGgq2nF4="},"chainType":1,"messageKeys":{}}},"pendingPreKey":{"signedKeyId":1,"baseKey":"BetiXmpDqX4g1GR82aowy4B6Osl3Y3toyhIJAzSCeXpz","preKeyId":44}}},"version":"v1"}