{"_sessions":{"BUty3nX9V52zHbhRPCjzgaO6DfFiDezBDzewoMjIpjVN":{"registrationId":2022007997,"currentRatchet":{"ephemeralKeyPair":{"pubKey":"BQQfsph8X5rVYOEqIKmRslLfFcL3Ed+1vX88vU2irglP","privKey":"IO6Rwsd352yeWKTe142c33EY1kxSmca3rJGi6TwcAHA="},"lastRemoteEphemeralKey":"BYRchNmvymXyLwrm1HYwKibYypJcEk6TlCsZ5DA0/U83","previousCounter":0,"rootKey":"JOPqcHiBu33eoNJDJG0tkkn7Y+SoE8jbZD3aDuGB7lw="},"indexInfo":{"baseKey":"BUty3nX9V52zHbhRPCjzgaO6DfFiDezBDzewoMjIpjVN","baseKeyType":1,"closed":-1,"used":1750716140005,"created":1750716140005,"remoteIdentityKey":"BR9euc3iXTkBE5OCOwsoUBkoxR920oQ0ijoCOIvRY5hy"},"_chains":{"BQQfsph8X5rVYOEqIKmRslLfFcL3Ed+1vX88vU2irglP":{"chainKey":{"counter":0,"key":"Lf+3oaGbC14eFzb4gJKCx7/khRO2LAGrx8VmdKeUhWw="},"chainType":1,"messageKeys":{}}},"pendingPreKey":{"signedKeyId":1,"baseKey":"BUty3nX9V52zHbhRPCjzgaO6DfFiDezBDzewoMjIpjVN","preKeyId":2171}}},"version":"v1"}