{"_sessions":{"BaqkMKrUCZ1aLMyTwEij+l/1mBU82998MAEffd92YHYG":{"registrationId":476888172,"currentRatchet":{"ephemeralKeyPair":{"pubKey":"BbrtdE4ObhIMLOrQTJE9j6QgTbPtvSTHBRI6fc2AN2kN","privKey":"YBiRwe7l1ttpb/ibQZ85/tUWsYW/lZOIkBp9W5hu2Ww="},"lastRemoteEphemeralKey":"BcgX9nWWdw16EuCQSp4Wvtr+U5b3MKzo7jrNbqstFqEQ","previousCounter":0,"rootKey":"as7it4Ct4zSsbEIN3eO85mIH+AgDeGVXZDz/3BYC0XA="},"indexInfo":{"baseKey":"BaqkMKrUCZ1aLMyTwEij+l/1mBU82998MAEffd92YHYG","baseKeyType":1,"closed":-1,"used":1750716140272,"created":1750716140272,"remoteIdentityKey":"Bb1/mlcbn+l8/BY3gqESxFUquDs5kwyeNzMBcJGnJBEA"},"_chains":{"BbrtdE4ObhIMLOrQTJE9j6QgTbPtvSTHBRI6fc2AN2kN":{"chainKey":{"counter":0,"key":"6INMsZ7z8jPsEfLU5DZpbEi/9dhIzrt0eJ+0Bo50ixk="},"chainType":1,"messageKeys":{}}},"pendingPreKey":{"signedKeyId":0,"baseKey":"BaqkMKrUCZ1aLMyTwEij+l/1mBU82998MAEffd92YHYG","preKeyId":4674460}}},"version":"v1"}