{"_sessions":{"BWomNIWtXDZ2cRR5mErBXi2UNa6z6rEw4RxbWbFJbrkA":{"registrationId":1771464391,"currentRatchet":{"ephemeralKeyPair":{"pubKey":"BdWjYvb7i7ScGxEFDdSO7EVgoDN6wXc28xeI03P/KpAl","privKey":"OLWVm14rmEYhxok3X1isECbpWKcOvG6CMqk3AjilnUE="},"lastRemoteEphemeralKey":"Be8RUwBIBmM63w52KwY/WuOq6jzW3nVR6Ws4JvLMXH8+","previousCounter":0,"rootKey":"8KmHSyOBrTKqF5L/H44wd0yJ7VD9dYod6ZAhCYC+D/M="},"indexInfo":{"baseKey":"BWomNIWtXDZ2cRR5mErBXi2UNa6z6rEw4RxbWbFJbrkA","baseKeyType":1,"closed":-1,"used":1750716139977,"created":1750716139977,"remoteIdentityKey":"BYkRHBwiFxgr1rJhg6xijHWFQ1K2wPT2UAFglZhyeRsX"},"_chains":{"BdWjYvb7i7ScGxEFDdSO7EVgoDN6wXc28xeI03P/KpAl":{"chainKey":{"counter":0,"key":"2yQcX59tPL944XBAU82BJDoGfdTrOlpa/jMLDYnr7/0="},"chainType":1,"messageKeys":{}}},"pendingPreKey":{"signedKeyId":1,"baseKey":"BWomNIWtXDZ2cRR5mErBXi2UNa6z6rEw4RxbWbFJbrkA"}}},"version":"v1"}