{"_sessions":{"BTPPzMt/lJWvJ30k5MAGtyJyda0w1CbZ2P9HFy32/n0C":{"registrationId":282028290,"currentRatchet":{"ephemeralKeyPair":{"pubKey":"BVrIDk2veOtV6SKGmXXbRQOdKbi0KHjLlFnAYuys9O5r","privKey":"2GWVx4dsoG4KqrAsdFlbGy8KDQAZhzgIBMX6A93eWGE="},"lastRemoteEphemeralKey":"BYM5SgYSRrlWPkCzomGFWlLqw4QD1acrA1uss+cYO4Na","previousCounter":0,"rootKey":"WASMDYYvRN0NQxiZj+bPUTDZ/QkjfmK84TKs91WMl9w="},"indexInfo":{"baseKey":"BTPPzMt/lJWvJ30k5MAGtyJyda0w1CbZ2P9HFy32/n0C","baseKeyType":1,"closed":-1,"used":1750713257656,"created":1750713257656,"remoteIdentityKey":"BZfhdEN6G7tB12/2FPDrtI7xCA3aes5i92Y8vE3m57Ql"},"_chains":{"BVrIDk2veOtV6SKGmXXbRQOdKbi0KHjLlFnAYuys9O5r":{"chainKey":{"counter":1,"key":"SDzL6i/VM0qSwc/HbYI7UP/jO+dtH8LNp6aPLnPlnac="},"chainType":1,"messageKeys":{}}},"pendingPreKey":{"signedKeyId":4,"baseKey":"BTPPzMt/lJWvJ30k5MAGtyJyda0w1CbZ2P9HFy32/n0C","preKeyId":16473758}}},"version":"v1"}