{"_sessions":{"Ba4RHFf6ArK2qfAnjIVDUeISphpjeC26FZTeStVEQ7hB":{"registrationId":210991753,"currentRatchet":{"ephemeralKeyPair":{"pubKey":"BXuHCmHfP+YtdtLQBD93c/cA5qWhpPO7MHZ+j2r/7JYb","privKey":"oObCRUhXFCzZ2LYOJcvzPgZhU2SILxr4GEf+/5FPVGg="},"lastRemoteEphemeralKey":"BWolgIc16w09Pl6nkZe3KdpXigeuWGbO1lzo5XLmjUhO","previousCounter":0,"rootKey":"q3CLIw6Dg7KsIjhMwt8groqoEpuExcDBa2VfJIaR2j0="},"indexInfo":{"baseKey":"Ba4RHFf6ArK2qfAnjIVDUeISphpjeC26FZTeStVEQ7hB","baseKeyType":1,"closed":-1,"used":1750716140529,"created":1750716140529,"remoteIdentityKey":"BR+lSKGtB7LMh42gq1eNfARCDVCfuKx86tRbg7M3C74K"},"_chains":{"BXuHCmHfP+YtdtLQBD93c/cA5qWhpPO7MHZ+j2r/7JYb":{"chainKey":{"counter":0,"key":"OtAEuwBY3y1c2k42M7gHoQK7oYYEGOzlwxosLsD14+o="},"chainType":1,"messageKeys":{}}},"pendingPreKey":{"signedKeyId":2,"baseKey":"Ba4RHFf6ArK2qfAnjIVDUeISphpjeC26FZTeStVEQ7hB","preKeyId":14159980}}},"version":"v1"}