{"_sessions":{"BfkTmWHx5w26jZkTheHLtYJptm/2STtUQNTL7YBmvxJy":{"registrationId":46011603,"currentRatchet":{"ephemeralKeyPair":{"pubKey":"BVs2CUR/TJjoCcymHDixRC6sE+W7mA21geM4bCXaGjVF","privKey":"6BNMASJJoPoQJLQekQbN5xkeTOLDksioeb2QioBO+no="},"lastRemoteEphemeralKey":"BSUngXb0vTfIjN+PrxJNynXUq1H/cbqn9SF3yKB5IAoq","previousCounter":0,"rootKey":"t52JdtbYvrX9I3V1CJ9y6JV6iPmbXC/6BVJozByZM3o="},"indexInfo":{"baseKey":"BfkTmWHx5w26jZkTheHLtYJptm/2STtUQNTL7YBmvxJy","baseKeyType":1,"closed":-1,"used":1750716140234,"created":1750716140234,"remoteIdentityKey":"BQPx1xEbe8xZwNztZhKg00ez1nIL/grnXynU+87SOftq"},"_chains":{"BVs2CUR/TJjoCcymHDixRC6sE+W7mA21geM4bCXaGjVF":{"chainKey":{"counter":0,"key":"sWASWeZNu6M4mFwOZtkqcPH8CeSxeR21HR9XO2GfjBg="},"chainType":1,"messageKeys":{}}},"pendingPreKey":{"signedKeyId":14,"baseKey":"BfkTmWHx5w26jZkTheHLtYJptm/2STtUQNTL7YBmvxJy","preKeyId":1020701}}},"version":"v1"}