{"_sessions":{"BRXxlQOnUGPywa+tAYX9ZOIKS7P2krYpQH1gSBFDaBlZ":{"registrationId":568667046,"currentRatchet":{"ephemeralKeyPair":{"pubKey":"BeBsfd1HUq+1/7RJGvxav3CFh1i7Xc83q6jrO3bg09Rq","privKey":"+K2Hv9De/SF5FUOotfExN+18JGxoM221Xk1O1vTLn1A="},"lastRemoteEphemeralKey":"BSerKugk1BWy4045/vgU0istKuGmu9eOWCkRFsyij34m","previousCounter":0,"rootKey":"WV8dSi18gJ3JZ9zMFJXVeULCmGKh249WtqjbVEQSiaQ="},"indexInfo":{"baseKey":"BRXxlQOnUGPywa+tAYX9ZOIKS7P2krYpQH1gSBFDaBlZ","baseKeyType":1,"closed":-1,"used":1750716140044,"created":1750716140044,"remoteIdentityKey":"BSXDtl5p2mkeJ4fxW9N8g1n9qNcFm+19oaaGu047f3hr"},"_chains":{"BeBsfd1HUq+1/7RJGvxav3CFh1i7Xc83q6jrO3bg09Rq":{"chainKey":{"counter":0,"key":"GYWOhJojV9wy9MOzwBw/0dh1cuU1Ewi6OHi+ByM6kOA="},"chainType":1,"messageKeys":{}}},"pendingPreKey":{"signedKeyId":11,"baseKey":"BRXxlQOnUGPywa+tAYX9ZOIKS7P2krYpQH1gSBFDaBlZ","preKeyId":3591}}},"version":"v1"}