{"_sessions":{"BQH5Z9siq1uIcwAt/oIuNoVb2llheg5v3cSYm4lxVZoB":{"registrationId":1176123267,"currentRatchet":{"ephemeralKeyPair":{"pubKey":"BYNg36BcvJG7iTb3VpFG23o2UvzPIqkdn1KhV3wQoC5j","privKey":"iE7Wpfo4/TEKC4vr78bqvQRd9bNjGjS8LQvVaS2Wu3I="},"lastRemoteEphemeralKey":"BfKu25V366WjKV2dK9w8SFCZUHpwfk4VQgSs4puXWpZ+","previousCounter":0,"rootKey":"TsLUXq2sCZMzH7p2NEfJPMmsgxAwNUVvXSYfn/zLZ6M="},"indexInfo":{"baseKey":"BQH5Z9siq1uIcwAt/oIuNoVb2llheg5v3cSYm4lxVZoB","baseKeyType":1,"closed":-1,"used":1750716140241,"created":1750716140241,"remoteIdentityKey":"BXgVnuTWJij0bJAGBLpVZED7DkHPfTCDr4hk+GDRRYwc"},"_chains":{"BYNg36BcvJG7iTb3VpFG23o2UvzPIqkdn1KhV3wQoC5j":{"chainKey":{"counter":0,"key":"wndiqvXAiMglEx4KLaxE1xzZxScWTnH4ipuKy++b5DI="},"chainType":1,"messageKeys":{}}},"pendingPreKey":{"signedKeyId":19,"baseKey":"BQH5Z9siq1uIcwAt/oIuNoVb2llheg5v3cSYm4lxVZoB","preKeyId":14252818}}},"version":"v1"}