{"_sessions":{"BWUbeUvs+NnRmxFUBUM3PPGzLuKsRVYivxuV0dPxmmEZ":{"registrationId":709,"currentRatchet":{"ephemeralKeyPair":{"pubKey":"Bb5kHAYVU+6C49A0/PPyyhTqqjtL/LTciTN6NNy/IVNC","privKey":"gDVZ3I2IEqsC0y7UOepSelLQt0ARXn5jRpspEIvaHl0="},"lastRemoteEphemeralKey":"BawHMuCAuAMYJA04jduXU+S1c36CDE0IFazMrUAVgQcz","previousCounter":0,"rootKey":"GSdihrmFVWX2KnwR/ighLoorKGQaeOQ9+LVm9zD8Yfo="},"indexInfo":{"baseKey":"BWUbeUvs+NnRmxFUBUM3PPGzLuKsRVYivxuV0dPxmmEZ","baseKeyType":1,"closed":-1,"used":1750713257544,"created":1750713257544,"remoteIdentityKey":"BU11oIooiPNmJanLMgtGKrENr+21EXK19d0OTKwKHwgv"},"_chains":{"Bb5kHAYVU+6C49A0/PPyyhTqqjtL/LTciTN6NNy/IVNC":{"chainKey":{"counter":1,"key":"ZC8xTuL+vmn7HRhyR2SfnP7FJOTx19/dh+bbvrM5vaM="},"chainType":1,"messageKeys":{}}},"pendingPreKey":{"signedKeyId":1,"baseKey":"BWUbeUvs+NnRmxFUBUM3PPGzLuKsRVYivxuV0dPxmmEZ"}}},"version":"v1"}