{"_sessions":{"BZgV6Xfb1ak+rJh9neDZ1Yo3J4Zyw1GIe5Sfwy3CQdM1":{"registrationId":688501983,"currentRatchet":{"ephemeralKeyPair":{"pubKey":"BWrgdwgbrnQC6XHH6YZctXxZMgGxh38V3xGfDgWyOq5r","privKey":"6GqqT+WkVEBeO7pxzFLjRQjI/31ZJpSoUWYutrfpbFM="},"lastRemoteEphemeralKey":"BUdzuy2IjLBN8mDQCegF+59qEmNQaLCB1HRT58thPDRc","previousCounter":0,"rootKey":"m7kZOrOIloVMFsK0N8fl/AIMJGR4y3MKMRaVK2O/a9g="},"indexInfo":{"baseKey":"BZgV6Xfb1ak+rJh9neDZ1Yo3J4Zyw1GIe5Sfwy3CQdM1","baseKeyType":1,"closed":-1,"used":1750716140552,"created":1750716140552,"remoteIdentityKey":"BVczcUpjZpOq3mLVRqYfa4kzjtJ16jTIXHaSs31cIbQQ"},"_chains":{"BWrgdwgbrnQC6XHH6YZctXxZMgGxh38V3xGfDgWyOq5r":{"chainKey":{"counter":0,"key":"TF49APz/UkwcocGx6O0HoW8GUN+IKqVjFMLDXsOujF4="},"chainType":1,"messageKeys":{}}},"pendingPreKey":{"signedKeyId":4,"baseKey":"BZgV6Xfb1ak+rJh9neDZ1Yo3J4Zyw1GIe5Sfwy3CQdM1","preKeyId":10479954}}},"version":"v1"}