{"_sessions":{"BSoInV20zRKD6UpIQchGoEFQ1wBLjWypyK7LV6nsWfN6":{"registrationId":1279587929,"currentRatchet":{"ephemeralKeyPair":{"pubKey":"BewAh8POgtRQans+52yLIZdXLxJbDvqNVfO7O4Mvq6dS","privKey":"sA7NMK56FJ/mZs6a1bflD3w3zYxJrkJzhrPqJRzS3Wc="},"lastRemoteEphemeralKey":"Bc6s6Q14a/NjlVkuet7X7A2V0hOxnLXApgFIfRVM2y97","previousCounter":0,"rootKey":"2FrejC+g1HfXU4hpAoMo+dFlQn3LXAPhUYOVq6ncwa8="},"indexInfo":{"baseKey":"BSoInV20zRKD6UpIQchGoEFQ1wBLjWypyK7LV6nsWfN6","baseKeyType":1,"closed":-1,"used":1750716140164,"created":1750716140164,"remoteIdentityKey":"BTIiTkyVWsx/6gZPfwmSCG8/LMRKog9QrIyLvWSvLbUZ"},"_chains":{"BewAh8POgtRQans+52yLIZdXLxJbDvqNVfO7O4Mvq6dS":{"chainKey":{"counter":0,"key":"2MJ6cC5XeTJG1+oMV9IjGQHB+/V/+fQdyzI/yQtKzhE="},"chainType":1,"messageKeys":{}}},"pendingPreKey":{"signedKeyId":11610174,"baseKey":"BSoInV20zRKD6UpIQchGoEFQ1wBLjWypyK7LV6nsWfN6","preKeyId":1328}}},"version":"v1"}