{"_sessions":{"BcB8cxTzuChNSr6imp2kTmriPwpHnaBPF5cCCTQIBHka":{"registrationId":375826510,"currentRatchet":{"ephemeralKeyPair":{"pubKey":"BVFpIncqihZ0zJWycj6GZ8qMIKdFaVGFNRaL/5/z99Vz","privKey":"eHIwDtAY3pt1zJLHwGx9YJyxzF2h9jLLxp3uhELjMXU="},"lastRemoteEphemeralKey":"BeAiObiRJov0tDfBqbG9DFJy0KcT7/RRJ+RMsbji71ts","previousCounter":0,"rootKey":"D6RkHrPwcIAMkFTgShyTZidb8dptmJVnMWD1vFoD5yg="},"indexInfo":{"baseKey":"BcB8cxTzuChNSr6imp2kTmriPwpHnaBPF5cCCTQIBHka","baseKeyType":1,"closed":-1,"used":1750716140136,"created":1750716140136,"remoteIdentityKey":"BUs/EXlG9PJjseMTrIaFL6l/Zi7YII5uu/d3Yu3xcjB4"},"_chains":{"BVFpIncqihZ0zJWycj6GZ8qMIKdFaVGFNRaL/5/z99Vz":{"chainKey":{"counter":0,"key":"Ij96AsrEKHzfhX4MfM1ceNHMz7QabcNPYaan4uvad2s="},"chainType":1,"messageKeys":{}}},"pendingPreKey":{"signedKeyId":1,"baseKey":"BcB8cxTzuChNSr6imp2kTmriPwpHnaBPF5cCCTQIBHka","preKeyId":2}}},"version":"v1"}