{"_sessions":{"BZC1mNA+sfiI59sUaAXDLRGb5ZIXvX9GF7lLZGZyDmZz":{"registrationId":1723688886,"currentRatchet":{"ephemeralKeyPair":{"pubKey":"BX5y11CVxVw0RzcS3TZaXL4smNG+T3mjA0PU9GhLy1AV","privKey":"KKpsPtv+PjnUqpd0vLjKsI150ggNRagNvbgLjKaQSGs="},"lastRemoteEphemeralKey":"BRkGTWrfRVlOf9UM0MQvuw8ZwQfeftFceuUxpI+xqu8Y","previousCounter":0,"rootKey":"ZOG7oZoyjI/1kiAb1FSEGEjpe94bxe5EzMoOgEPKcHc="},"indexInfo":{"baseKey":"BZC1mNA+sfiI59sUaAXDLRGb5ZIXvX9GF7lLZGZyDmZz","baseKeyType":1,"closed":-1,"used":1750716140539,"created":1750716140539,"remoteIdentityKey":"BZyKyAx/7ln2jbWF0kzyp+wM0u/tTGDnCYrP7xTvmsQ1"},"_chains":{"BX5y11CVxVw0RzcS3TZaXL4smNG+T3mjA0PU9GhLy1AV":{"chainKey":{"counter":0,"key":"ww6ZkQbhfWShkFcU3LWauSMtTvSEQn7sqpgnVES6YU4="},"chainType":1,"messageKeys":{}}},"pendingPreKey":{"signedKeyId":29,"baseKey":"BZC1mNA+sfiI59sUaAXDLRGb5ZIXvX9GF7lLZGZyDmZz","preKeyId":13886571}}},"version":"v1"}