{"_sessions":{"Bdg6lh01zwXjOSdyFd7tFFEvQFhXsWB4GzuaSIRHgXF1":{"registrationId":845635415,"currentRatchet":{"ephemeralKeyPair":{"pubKey":"BdzP3i/EZ2Sp6t36U0OVRaAIDOO2mftjC3a0IbJqSzNR","privKey":"OD3wCOibudIF/9OokX47sRXPx3Lp0ge3AZ5JQbb2ZVw="},"lastRemoteEphemeralKey":"BVGv7Pk/yx5adE7ARebWOrEx4S20FvmDH9c3YBhyqlgs","previousCounter":0,"rootKey":"PxNmgeTpGuXynlcKoCa4FBkHtOfMJw7lXoH1xTQhLP8="},"indexInfo":{"baseKey":"Bdg6lh01zwXjOSdyFd7tFFEvQFhXsWB4GzuaSIRHgXF1","baseKeyType":1,"closed":-1,"used":1750716140358,"created":1750716140358,"remoteIdentityKey":"BfIQMl8aoCxoiwuh8iJZe1aZ8j9p+UEfmsI2HOYaGK0k"},"_chains":{"BdzP3i/EZ2Sp6t36U0OVRaAIDOO2mftjC3a0IbJqSzNR":{"chainKey":{"counter":0,"key":"p5KTeFR9dM6WgQggyXBbxzyCME9sj/r7Ns4895ilUn8="},"chainType":1,"messageKeys":{}}},"pendingPreKey":{"signedKeyId":12,"baseKey":"Bdg6lh01zwXjOSdyFd7tFFEvQFhXsWB4GzuaSIRHgXF1","preKeyId":12148482}}},"version":"v1"}