{"_sessions":{"BQ2IHAnFFR/QkTMmu6WcOcYQBu5OMX+5JUuWI+fxxvdk":{"registrationId":9837,"currentRatchet":{"ephemeralKeyPair":{"pubKey":"BUSKqZW48i6vSZRoVk+d2HSGQaFobazyT1cOX2DLRRgb","privKey":"SINp7yki/J3ikCQuP9ZOlwbM+FNJqErGQNVnVo4o+lw="},"lastRemoteEphemeralKey":"BR/C8d2v4ShhjWQ75KvbA5FtIEiT5i7tG5Vwv1AQe2U5","previousCounter":0,"rootKey":"7zFZEmTck6SiIXJekMXfVZKt3GCVeLET2M2lQu+gu0Q="},"indexInfo":{"baseKey":"BQ2IHAnFFR/QkTMmu6WcOcYQBu5OMX+5JUuWI+fxxvdk","baseKeyType":1,"closed":-1,"used":1750713257574,"created":1750713257574,"remoteIdentityKey":"BZy/6z0fzLT/eh/NAnXLYkZj3egPd7cSliE2am2/+R4Y"},"_chains":{"BUSKqZW48i6vSZRoVk+d2HSGQaFobazyT1cOX2DLRRgb":{"chainKey":{"counter":0,"key":"WDm45m25Gbv0B2Cs/rYPK7wB1yt0GrQK1CUd2/ibOCU="},"chainType":1,"messageKeys":{}}},"pendingPreKey":{"signedKeyId":1,"baseKey":"BQ2IHAnFFR/QkTMmu6WcOcYQBu5OMX+5JUuWI+fxxvdk","preKeyId":506}}},"version":"v1"}