{"_sessions":{"BTKTsXXB/0IxTD67FDbvOBSlKxgF5I7l/i8h67i1Q3sd":{"registrationId":1486750300,"currentRatchet":{"ephemeralKeyPair":{"pubKey":"BUDxPywiTF2JRZ/t4EQoZ8VquCrgpt9KmmPjpZze90xi","privKey":"SKZljaWOFaddPOj84w9HqabsCrd/lI4luQcv+MOHc0A="},"lastRemoteEphemeralKey":"BeMQXo7sQidgFIMJajUdB/hg7ItVDv+sme5rosf7OW9K","previousCounter":0,"rootKey":"MFrw2Kuawshl3h0yCv6wzt2S779YvUYdLJ48ymxnMQI="},"indexInfo":{"baseKey":"BTKTsXXB/0IxTD67FDbvOBSlKxgF5I7l/i8h67i1Q3sd","baseKeyType":1,"closed":-1,"used":1750716140380,"created":1750716140380,"remoteIdentityKey":"BfMOqXNZ6Jz1kTBpYc9RoqYKUdJcsqVXTyH+mFJLQVh0"},"_chains":{"BUDxPywiTF2JRZ/t4EQoZ8VquCrgpt9KmmPjpZze90xi":{"chainKey":{"counter":0,"key":"aUyGhb2GcanuW5Z8EFwL7i0tvgNooaXu6R5Hd7/FP5k="},"chainType":1,"messageKeys":{}}},"pendingPreKey":{"signedKeyId":0,"baseKey":"BTKTsXXB/0IxTD67FDbvOBSlKxgF5I7l/i8h67i1Q3sd","preKeyId":15400981}}},"version":"v1"}