{"_sessions":{"BWUcLc3ehf9GMLYZjpGubW8R8MR6CSbcWQnPOo+iMN1R":{"registrationId":817443324,"currentRatchet":{"ephemeralKeyPair":{"pubKey":"BfxKH6ky92dz+q0UIJo0woMzkPWYMMSaWwNuyqRmwTgf","privKey":"UNjWPYH5AfEi3gF6aokNcfzLqSrNDuRM3KPxJWqQqFQ="},"lastRemoteEphemeralKey":"BbY/CFSec5br18+XHpSK5fqAOJI2GQ77D3T0VRSsevtY","previousCounter":0,"rootKey":"Dfg3q394kiE1prEgBr+QNKG4qCpIo5Yrn2rYmmdvHQY="},"indexInfo":{"baseKey":"BWUcLc3ehf9GMLYZjpGubW8R8MR6CSbcWQnPOo+iMN1R","baseKeyType":1,"closed":-1,"used":1750716140494,"created":1750716140494,"remoteIdentityKey":"BbfrkdIzXQ95yIfORLeKnAhVluwIqB1a5tW1Nh3ngFdN"},"_chains":{"BfxKH6ky92dz+q0UIJo0woMzkPWYMMSaWwNuyqRmwTgf":{"chainKey":{"counter":0,"key":"8xr5W07C7L3Lsb0uwez2zD/IPwmZcr8x6goR9AM8qlU="},"chainType":1,"messageKeys":{}}},"pendingPreKey":{"signedKeyId":9,"baseKey":"BWUcLc3ehf9GMLYZjpGubW8R8MR6CSbcWQnPOo+iMN1R","preKeyId":2496254}}},"version":"v1"}