{"_sessions":{"BSyIlqDoxj6b4GZaKe3yYLgp7NeAjdPf1tL+2DS7Bydz":{"registrationId":1490844382,"currentRatchet":{"ephemeralKeyPair":{"pubKey":"BdVxsmDtNHlquyPrxq+TZZ5JL3XwvavDbHN8bp4SPT1z","privKey":"yBNiijyt/+Id6p9OVd2u608CjGbKo41gjKLhrwu7+Ws="},"lastRemoteEphemeralKey":"BYNZXojgVK+BtuSTB11gcVNRIcLoZDeNYwabv1Mab5ET","previousCounter":0,"rootKey":"5c9xKNi3pNFNYBoB/myrGarLuCj5jcxGnAzJWtPoSRw="},"indexInfo":{"baseKey":"BSyIlqDoxj6b4GZaKe3yYLgp7NeAjdPf1tL+2DS7Bydz","baseKeyType":1,"closed":-1,"used":1750716140250,"created":1750716140250,"remoteIdentityKey":"BZRosx+O9T8rUL3VIdH0RseTjW2eWKH+w04Opv3xs0xn"},"_chains":{"BdVxsmDtNHlquyPrxq+TZZ5JL3XwvavDbHN8bp4SPT1z":{"chainKey":{"counter":0,"key":"QtlV3TKtkaZjQZgSXIWSwzwD2sHHRYTkL7DRfJ7eihE="},"chainType":1,"messageKeys":{}}},"pendingPreKey":{"signedKeyId":1,"baseKey":"BSyIlqDoxj6b4GZaKe3yYLgp7NeAjdPf1tL+2DS7Bydz","preKeyId":10544457}}},"version":"v1"}