{"_sessions":{"BRtj91K9SFRdxITeztpZiwj/lIAaC0IMht8rdav6LAx0":{"registrationId":399313224,"currentRatchet":{"ephemeralKeyPair":{"pubKey":"BU/ibjKE8rH91vic8Z3VKpsWL2GkCtRV8vMfmo2eBG4j","privKey":"iAY2D0xZvbtZvohGhhVCSUGY6zAhFS0MmURZyFvtxW8="},"lastRemoteEphemeralKey":"BQys8EB0g9TBTRO24rbQvgdJM4SEGWRwvwxRwe7n+7xZ","previousCounter":0,"rootKey":"CW6Ab9kzt9p1hwk1+6PmqLQSo/ID48wjkXCQWXivR9A="},"indexInfo":{"baseKey":"BRtj91K9SFRdxITeztpZiwj/lIAaC0IMht8rdav6LAx0","baseKeyType":2,"closed":-1,"used":1750774571223,"created":1750774571223,"remoteIdentityKey":"BYzakjUVi+fbmjT38e5MLEI/3DS8FQy61Sc98bvY9I4H"},"_chains":{"BQys8EB0g9TBTRO24rbQvgdJM4SEGWRwvwxRwe7n+7xZ":{"chainKey":{"counter":1,"key":"3nCgD5EgTRQU74YPK4PYXvbqpGxdDo5UgDC8YJFNcGk="},"chainType":2,"messageKeys":{}},"BU/ibjKE8rH91vic8Z3VKpsWL2GkCtRV8vMfmo2eBG4j":{"chainKey":{"counter":0,"key":"bsnEzde9T9+CkMy/F9turF3skKUG9mWpkxbBA1W3nwE="},"chainType":1,"messageKeys":{}}}}},"version":"v1"}