{"_sessions":{"BfHpzif1HmOPUu+Ht+/B9NY/axhH3+VJnWlG75769ecm":{"registrationId":234338922,"currentRatchet":{"ephemeralKeyPair":{"pubKey":"BQgJ5GO/1y9q6d6fj8YJm/loSJHINhf2ff0JLud/n/l4","privKey":"wO92FM9WCzvDQ6vih+4Y7UJK0A2gY5d60f3Khlkfjm0="},"lastRemoteEphemeralKey":"BQrv3KGR3galch8N9FFUfGvnMpF2Q0akv6IYvzn6o8st","previousCounter":1,"rootKey":"++mDDj8ncR5lri6X5i/yby6zu7gG2wPDCL2pdAttaQQ="},"indexInfo":{"baseKey":"BfHpzif1HmOPUu+Ht+/B9NY/axhH3+VJnWlG75769ecm","baseKeyType":1,"closed":-1,"used":1750860351071,"created":1750713257693,"remoteIdentityKey":"BUa/GtbgChu3yagNvEFm2WIcQjH361cY3EyBOcCJfnw6"},"_chains":{"BQrv3KGR3galch8N9FFUfGvnMpF2Q0akv6IYvzn6o8st":{"chainKey":{"counter":2,"key":"z9tSiNfqkMGVYgXoH9W4FS/UFcRh/DXNTQJjnBKYvtI="},"chainType":2,"messageKeys":{}},"BQgJ5GO/1y9q6d6fj8YJm/loSJHINhf2ff0JLud/n/l4":{"chainKey":{"counter":-1,"key":"QFLuTpIZATvd3poPrml0GZc5ZhtShKNacchgH3S2++M="},"chainType":1,"messageKeys":{}}}}},"version":"v1"}