{"_sessions":{"BTutEkphsNMIOq5EG8Ac9p2qxGDctpzC0YtqIDEdjM5u":{"registrationId":12686,"currentRatchet":{"ephemeralKeyPair":{"pubKey":"BTxpmertuh3Y33w14FAYATK3u7sczgXE/ECtuif1a8wH","privKey":"2B01WvF0iQhmSJXCmzKRrBkYHgFz4/D9sVacgnHddnY="},"lastRemoteEphemeralKey":"BfSgYg+YbHOaDfeOxfyXOAeq8ANJl7j2qkSFCBk7eoQI","previousCounter":0,"rootKey":"TUnpopHkONTTFD6Tof0Hi3U+1T5v4qiACCOBfRAy5Kw="},"indexInfo":{"baseKey":"BTutEkphsNMIOq5EG8Ac9p2qxGDctpzC0YtqIDEdjM5u","baseKeyType":1,"closed":-1,"used":1750713257598,"created":1750713257598,"remoteIdentityKey":"BeLiO3FYFoxXDWx5mb7JmW3kQUlwK646/Hdai6HGtX5a"},"_chains":{"BTxpmertuh3Y33w14FAYATK3u7sczgXE/ECtuif1a8wH":{"chainKey":{"counter":0,"key":"iOIQjUryc9wsIvVQpTmiiJWLB2hZlPclTb/mRMQnAjM="},"chainType":1,"messageKeys":{}}},"pendingPreKey":{"signedKeyId":1,"baseKey":"BTutEkphsNMIOq5EG8Ac9p2qxGDctpzC0YtqIDEdjM5u","preKeyId":43}}},"version":"v1"}