{"_sessions":{"BYLNqbVcykaRKhAfNlKTduo6FpVOjUDj12ADnHDjnqFh":{"registrationId":124182357,"currentRatchet":{"ephemeralKeyPair":{"pubKey":"BaFOAwhlxiUfzMEsnq5wSrQyZApNj88q1+yjb4KtMiRp","privKey":"4ERLJ/NbyPMj3hRwviysw3geged1ihyuhxA3rv6Aclc="},"lastRemoteEphemeralKey":"BW+6DdeDCdEFc/ra7BaAXLMXZ3LMa/R91uKBK3JdA4Iq","previousCounter":0,"rootKey":"Z2SuUkoFHMzdPFBao538YPmWqayZki29Y5xdkcXN/tU="},"indexInfo":{"baseKey":"BYLNqbVcykaRKhAfNlKTduo6FpVOjUDj12ADnHDjnqFh","baseKeyType":1,"closed":-1,"used":1750713257721,"created":1750713257721,"remoteIdentityKey":"BX7ayqa0Y9buGiBQ0DLLpvXiLJKwDj6MnyFlveov4XMj"},"_chains":{"BaFOAwhlxiUfzMEsnq5wSrQyZApNj88q1+yjb4KtMiRp":{"chainKey":{"counter":0,"key":"TbbmExzStVaPYftj7FUtOgeYj6vWAYLMbRg8TIfLJpk="},"chainType":1,"messageKeys":{}}},"pendingPreKey":{"signedKeyId":13,"baseKey":"BYLNqbVcykaRKhAfNlKTduo6FpVOjUDj12ADnHDjnqFh","preKeyId":11253634}}},"version":"v1"}