{"_sessions":{"BWXCdudQsir5WCN7TVrFpCIP+hXFK11TIFf2m5lJ009j":{"registrationId":13243,"currentRatchet":{"ephemeralKeyPair":{"pubKey":"BdiEQrtDXUtd3REH6uIFIfGhaL3NC6HaFZhB5i2ZkloJ","privKey":"2C09b8FoUix3znXLe4+rWNmAcmKMpvpuVDpyJ+Xyunc="},"lastRemoteEphemeralKey":"BSYC8guT0o74HMZi8YSPhxrtj/JHMiD2CvLy/vl0R/xt","previousCounter":0,"rootKey":"b5VC4GQ0v1+QTBCV7LVxKoKEYas1wHqgOOgwMVsjcLc="},"indexInfo":{"baseKey":"BWXCdudQsir5WCN7TVrFpCIP+hXFK11TIFf2m5lJ009j","baseKeyType":1,"closed":-1,"used":1750716139988,"created":1750716139988,"remoteIdentityKey":"BQqYHOFkLvYA/7uOH9TkZugY1LN1aQl8IrYC6Qh1MI0X"},"_chains":{"BdiEQrtDXUtd3REH6uIFIfGhaL3NC6HaFZhB5i2ZkloJ":{"chainKey":{"counter":0,"key":"2yPy9NJKYZPzT1y5fuazrWfzi4XCRxXjkrqjjyLnRMM="},"chainType":1,"messageKeys":{}}},"pendingPreKey":{"signedKeyId":1,"baseKey":"BWXCdudQsir5WCN7TVrFpCIP+hXFK11TIFf2m5lJ009j","preKeyId":784}}},"version":"v1"}