{"_sessions":{"BZ2gSzWLRTI/jv19ekJzVlmrt1AK69J4j8TCeu7wdMZ+":{"registrationId":959072798,"currentRatchet":{"ephemeralKeyPair":{"pubKey":"BaYCswyMo7gI97FK8QQ8JvE4yZ0fR8m4HptBRVvpt2x5","privKey":"KPQ3IV5i42doB5hZU+Z0rNekFTU1ug7CclBV4EMaVnI="},"lastRemoteEphemeralKey":"BRSWuETVBcfVzmMT9zrRx2JQ7bu7IJEL0YqA1CtdNLpt","previousCounter":0,"rootKey":"mIDRZ8A3I3zmdxzjA/veqH/XJJvbDBYDgOa7kudlQEQ="},"indexInfo":{"baseKey":"BZ2gSzWLRTI/jv19ekJzVlmrt1AK69J4j8TCeu7wdMZ+","baseKeyType":1,"closed":-1,"used":1750714131121,"created":1750713257650,"remoteIdentityKey":"BRjCbCqWPydM9RugFy+tgzHQf3SPMhKKUlA5lEqtng0v"},"_chains":{"BRSWuETVBcfVzmMT9zrRx2JQ7bu7IJEL0YqA1CtdNLpt":{"chainKey":{"counter":0,"key":"7fGFOS9Vl5uQ/1Z3k6/iQdqCwco3hgrlZCLg00Q6Jfk="},"chainType":2,"messageKeys":{}},"BaYCswyMo7gI97FK8QQ8JvE4yZ0fR8m4HptBRVvpt2x5":{"chainKey":{"counter":-1,"key":"qS87pcaSNeknILMtixaq2Zt5ymRV8/obh8w3SVRjnGo="},"chainType":1,"messageKeys":{}}}}},"version":"v1"}