{"_sessions":{"BVcaKc4suB8+deedco3lXutq0bXIkMk3g02P+spMQpsX":{"registrationId":1725114990,"currentRatchet":{"ephemeralKeyPair":{"pubKey":"BYGDwCNOYhSF7y8uJ11qlH6P5y+1ad8YBOynt3CYVU0p","privKey":"MH0OyCluDdjnhAkaqm/gC0ZD/LQNrg0GMltpDCMDaUA="},"lastRemoteEphemeralKey":"Bcq66xTLsV+K5925gYkP5Brh6BAUgXScvmr7qcZpfwkR","previousCounter":0,"rootKey":"kem2q2XAmi4EP2adTy/1igbAkWEmPPimkwe/wTp1Jyc="},"indexInfo":{"baseKey":"BVcaKc4suB8+deedco3lXutq0bXIkMk3g02P+spMQpsX","baseKeyType":1,"closed":-1,"used":1750716140157,"created":1750716140157,"remoteIdentityKey":"BU53+xOltgijpgYf6tLVyHcneD2u11jAHiS6GW457+AA"},"_chains":{"BYGDwCNOYhSF7y8uJ11qlH6P5y+1ad8YBOynt3CYVU0p":{"chainKey":{"counter":0,"key":"JWguJhEzjmh7ek46mEo6Gk68CYI1/Pw+aHHvfRtwURY="},"chainType":1,"messageKeys":{}}},"pendingPreKey":{"signedKeyId":7,"baseKey":"BVcaKc4suB8+deedco3lXutq0bXIkMk3g02P+spMQpsX","preKeyId":13445591}}},"version":"v1"}