{"_sessions":{"BW/DgfI0Lk6N3aWAe9uVFmuGKRTvgCjYNdKP8HreJiNG":{"registrationId":1902928339,"currentRatchet":{"ephemeralKeyPair":{"pubKey":"BYLz4n9uVR3Hzfp6oAcMw7yx8BaylN467DFnoKwRBHdF","privKey":"CGoUqejmLTQlwNfkWlj+N+ybEbKXkYj3FPaPoVB+xHU="},"lastRemoteEphemeralKey":"Bd8xEJ8mesr0TjpcVM9BQmcVVOihUc0Sxiq3Dx5yegUQ","previousCounter":0,"rootKey":"jnRlIQWCh6EV6wC4XLc+7GLBCrI8aekd7R+qFUUPMw8="},"indexInfo":{"baseKey":"BW/DgfI0Lk6N3aWAe9uVFmuGKRTvgCjYNdKP8HreJiNG","baseKeyType":1,"closed":-1,"used":1750716140282,"created":1750716140282,"remoteIdentityKey":"BbzRmRpxZ7P9XSiobcpRu5sCeQwSGAbX1p1iJLugVRoP"},"_chains":{"BYLz4n9uVR3Hzfp6oAcMw7yx8BaylN467DFnoKwRBHdF":{"chainKey":{"counter":0,"key":"vHNJnYFU31HaFxpb9Zw6BJtKqYR0fJRQCNjCtILxGFs="},"chainType":1,"messageKeys":{}}},"pendingPreKey":{"signedKeyId":8,"baseKey":"BW/DgfI0Lk6N3aWAe9uVFmuGKRTvgCjYNdKP8HreJiNG"}}},"version":"v1"}