{"_sessions":{"BbzBQldE+Hxx4PPawAGSSqMWF2gbqTdRs8LkX8G8rHc5":{"registrationId":689108394,"currentRatchet":{"ephemeralKeyPair":{"pubKey":"BcVKpGAGKh9xjbFHs2No77oiaxiMUAO1+34M5GWrLao5","privKey":"cOWaM9KRGGWmQgsb465OagKN4wj0Vm2Fuutm8VECEGU="},"lastRemoteEphemeralKey":"BXonZB/bHqqy01aGeV18LDIm9eYUayshnR3CCdQQkQ8A","previousCounter":0,"rootKey":"VWYjzk2KGovVDKa3zgKY2T207GQzVuXts6gftR/IepE="},"indexInfo":{"baseKey":"BbzBQldE+Hxx4PPawAGSSqMWF2gbqTdRs8LkX8G8rHc5","baseKeyType":1,"closed":-1,"used":1750716139982,"created":1750716139982,"remoteIdentityKey":"Bf4dUL1uY9+vkdeKcLGWxYQaXILmLnU1i0YMqIYTh9Qs"},"_chains":{"BcVKpGAGKh9xjbFHs2No77oiaxiMUAO1+34M5GWrLao5":{"chainKey":{"counter":0,"key":"uUhWVR8b+xcK73f8AIT6qESab8aMl9wh8iv51kubf9c="},"chainType":1,"messageKeys":{}}},"pendingPreKey":{"signedKeyId":16,"baseKey":"BbzBQldE+Hxx4PPawAGSSqMWF2gbqTdRs8LkX8G8rHc5","preKeyId":5905}}},"version":"v1"}