{"_sessions":{"BUOO1QZ2pDqQEQIfLrCke+c2ZQC+ToE1YRrjNDQFq2pf":{"registrationId":508407082,"currentRatchet":{"ephemeralKeyPair":{"pubKey":"BdSTYiRoQMsvx5aKGzP4YpGkDkAcDNMDYBEQPkQageAO","privKey":"MP2YuoMCrbxGEkdNiGYxzkOEVrZ3OSjfD/eRoCXBEUE="},"lastRemoteEphemeralKey":"BYZpTFkP58kIH5fgS8dwQxR+fDxc3EgOBfBG9A6E6P1g","previousCounter":0,"rootKey":"R4uqOl8EChoFWm+7KvYfOIkSduFDRe6T+6s5nZmgqO0="},"indexInfo":{"baseKey":"BUOO1QZ2pDqQEQIfLrCke+c2ZQC+ToE1YRrjNDQFq2pf","baseKeyType":1,"closed":-1,"used":1750716140143,"created":1750716140143,"remoteIdentityKey":"BTxw/FBs1i00ofcEqUvWlyambnrNoXrdmeQYs+Q1zZRF"},"_chains":{"BdSTYiRoQMsvx5aKGzP4YpGkDkAcDNMDYBEQPkQageAO":{"chainKey":{"counter":0,"key":"tr10TofQ0+zxY8aZT1C2GJXnPZy4OinGygj7GYnOL1w="},"chainType":1,"messageKeys":{}}},"pendingPreKey":{"signedKeyId":7,"baseKey":"BUOO1QZ2pDqQEQIfLrCke+c2ZQC+ToE1YRrjNDQFq2pf","preKeyId":3060329}}},"version":"v1"}