{"_sessions":{"BZc4tgsl/mry82Xb7Z6WhvOKXcw5FOyNVuq9GV9s41p+":{"registrationId":114,"currentRatchet":{"ephemeralKeyPair":{"pubKey":"BekRNVaiKV2yyAOjwqoCpPZVi2V9dZRPTgybHfMYtvou","privKey":"6OfIt2enKp7hcZisiJ+LTy8OuiWyq9hdwzMtGkYU81E="},"lastRemoteEphemeralKey":"BfiP1D5Qg+Gpe/OmRTLvOByJ6gDTNBT6Y42LGHvQXwU9","previousCounter":0,"rootKey":"HY/3R/cx86AD+AnscTbTL6LK4pzB0k7Gqv0GEJkJeMQ="},"indexInfo":{"baseKey":"BZc4tgsl/mry82Xb7Z6WhvOKXcw5FOyNVuq9GV9s41p+","baseKeyType":1,"closed":-1,"used":1750713257551,"created":1750713257551,"remoteIdentityKey":"Be7SZu/y/CvHvLVUhjqXTBHSiWpYDeGx5jiH34crm/Bz"},"_chains":{"BekRNVaiKV2yyAOjwqoCpPZVi2V9dZRPTgybHfMYtvou":{"chainKey":{"counter":4,"key":"GOgHArd1l1dln6GWQIp7W8a0irnizXzkNeCWxQQYm9E="},"chainType":1,"messageKeys":{}}},"pendingPreKey":{"signedKeyId":1,"baseKey":"BZc4tgsl/mry82Xb7Z6WhvOKXcw5FOyNVuq9GV9s41p+","preKeyId":25}}},"version":"v1"}