{"_sessions":{"BdV4A0StFLRF7UlVpa8O54QkJDEqq0bGeIZBgO7V9fd4":{"registrationId":759283522,"currentRatchet":{"ephemeralKeyPair":{"pubKey":"BYCgkxT3k7drg1zglxADIiXkaV6fURJiAlFnS0v8hIJK","privKey":"4Gh/8nRHM/hC1aXjZfe52v+qdoHdSur0CsGcjsqPs34="},"lastRemoteEphemeralKey":"BaRvruMsa0kQ0cX9G7teGlsfPa/zrrSPsoNUkomkZpgZ","previousCounter":0,"rootKey":"h+D/J6G42NsRHNXNsngZj3gPQCw7h69OUYwEuJC8LIw="},"indexInfo":{"baseKey":"BdV4A0StFLRF7UlVpa8O54QkJDEqq0bGeIZBgO7V9fd4","baseKeyType":1,"closed":-1,"used":1750716140489,"created":1750716140489,"remoteIdentityKey":"BcI2chkO2vyZh8CG5DBVjv/Rhr/WezFjtK9+i/dpoyE6"},"_chains":{"BYCgkxT3k7drg1zglxADIiXkaV6fURJiAlFnS0v8hIJK":{"chainKey":{"counter":0,"key":"CH1ltlQqc/zsrSvyRsr7fVYH1yWXsX7c7McZx1WJ5Lk="},"chainType":1,"messageKeys":{}}},"pendingPreKey":{"signedKeyId":3,"baseKey":"BdV4A0StFLRF7UlVpa8O54QkJDEqq0bGeIZBgO7V9fd4","preKeyId":11905530}}},"version":"v1"}