{"_sessions":{"BWrzWG4HwG7j8DYXiZMjLHTputb/29/n2nw5aR7gwSsg":{"registrationId":949048487,"currentRatchet":{"ephemeralKeyPair":{"pubKey":"BQ5coyWVhImLhoQc5UgjNiMqh6YNWYY5b6am0VvoRVVB","privKey":"EHgxszETvBjnQb4YEPUUfJ/UsBfYIFS01HWFJtBNOW8="},"lastRemoteEphemeralKey":"BSo3VHTTreb1mIdHv4ymUhLb425Bp3shkZAmB5dH4loD","previousCounter":0,"rootKey":"1Ryw2jK/fsE+fDh89OqIptZeS9rjGANZppyvpHFnges="},"indexInfo":{"baseKey":"BWrzWG4HwG7j8DYXiZMjLHTputb/29/n2nw5aR7gwSsg","baseKeyType":1,"closed":-1,"used":1750716140266,"created":1750716140266,"remoteIdentityKey":"BVge5vxmxVAfVzBrA6a3EwPB+7frWc4Q31TF/kYwISEr"},"_chains":{"BQ5coyWVhImLhoQc5UgjNiMqh6YNWYY5b6am0VvoRVVB":{"chainKey":{"counter":0,"key":"5fcDB93cCKcHxcU3HvNzoLNmzM8q5qrqRcx+YwZ9gGU="},"chainType":1,"messageKeys":{}}},"pendingPreKey":{"signedKeyId":1,"baseKey":"BWrzWG4HwG7j8DYXiZMjLHTputb/29/n2nw5aR7gwSsg"}}},"version":"v1"}