{"_sessions":{"BYqjXST7wrGCiL45JQ3LF0q+lClu0lGeepE0HY+Of0B8":{"registrationId":205591204,"currentRatchet":{"ephemeralKeyPair":{"pubKey":"BTm61rgGuUS0uBufxRpf4aeJxFA+jLBTN0fn9ZsQyA0V","privKey":"0AomAuu6fzTCQXmcMc5Z0Ntpjkt02cwDjAbQziEq7Eg="},"lastRemoteEphemeralKey":"BUgaWD2nUX8Yj5r8BP9D/BMX+dvMBWD1y8r4dv0KCvBf","previousCounter":0,"rootKey":"o+m2xue0qbgHwaSPQEpjduHWoVI0jCIsyjUk7xLtfsE="},"indexInfo":{"baseKey":"BYqjXST7wrGCiL45JQ3LF0q+lClu0lGeepE0HY+Of0B8","baseKeyType":1,"closed":-1,"used":1750787280210,"created":1750787280210,"remoteIdentityKey":"BVYpaVMnO6lYfVTSRjBbIKV1OXZRgWX060ibN4FLBQgH"},"_chains":{"BTm61rgGuUS0uBufxRpf4aeJxFA+jLBTN0fn9ZsQyA0V":{"chainKey":{"counter":0,"key":"B9pz9xbo6hbJcYLI+FHwyN/ecq/wVDkbrThgceiIHDI="},"chainType":1,"messageKeys":{}}},"pendingPreKey":{"signedKeyId":8,"baseKey":"BYqjXST7wrGCiL45JQ3LF0q+lClu0lGeepE0HY+Of0B8","preKeyId":498566}}},"version":"v1"}